id_val,score
0,0.8229296803474426
1,0.775239884853363
2,0.8194840550422668
3,0.8142780661582947
4,0.8954640030860901
5,0.8041867017745972
6,0.8601402640342712
7,0.8304150104522705
8,0.7346249222755432
9,0.7072042226791382
10,0.837911069393158
11,0.8289067149162292
12,0.870322048664093
13,0.8485132455825806
14,0.8411906957626343
15,0.8052418828010559
16,0.707768440246582
17,0.8474008440971375
18,0.7014018297195435
19,0.8460811972618103
20,0.9098958373069763
21,0.7915789484977722
22,0.7753275632858276
23,0.8666107654571533
24,0.8554602265357971
25,0.8113687634468079
26,0.8371456265449524
27,0.7592855095863342
28,0.8032370805740356
29,0.7390921711921692
30,0.8601160645484924
31,0.8296692371368408
32,0.7206061482429504
33,0.7925888895988464
34,0.8576748967170715
35,0.8501549363136292
36,0.7750117778778076
37,0.8723905086517334
38,0.8389922380447388
39,0.6605330109596252
40,0.7870045900344849
41,0.8102789521217346
42,0.8201478123664856
43,0.8004447817802429
44,0.8012418150901794
45,0.6517038345336914
46,0.8905547857284546
47,0.8227033019065857
48,0.884541928768158
49,0.7820703983306885
50,0.3400353789329529
51,0.8858851194381714
52,0.8795885443687439
53,0.721072793006897
54,0.8650500774383545
55,0.8256927728652954
56,0.7769458889961243
57,0.8523731231689453
58,0.8629682660102844
59,0.7662929892539978
60,0.7631703615188599
61,0.6837880611419678
62,0.8358030915260315
63,0.6729329228401184
64,0.8049682378768921
65,0.7291111946105957
66,0.844118058681488
67,0.7012121081352234
68,0.8377366065979004
69,0.8569090366363525
70,0.7692161202430725
71,0.863411545753479
72,0.8670881986618042
73,0.8503636717796326
74,0.8066684007644653
75,0.8778781890869141
76,0.808165967464447
77,0.8493601679801941
78,0.7977162599563599
79,0.7984820008277893
80,0.8461931943893433
81,0.881044328212738
82,0.8460716605186462
83,0.7312339544296265
84,0.8776333928108215
85,0.5408479571342468
86,0.779739499092102
87,0.7919180393218994
88,0.8089098334312439
89,0.8199692368507385
90,0.7678136229515076
91,0.8748510479927063
92,0.7943204045295715
93,0.7637620568275452
94,0.8302521109580994
95,0.7886178493499756
96,0.8878195285797119
97,0.8431031107902527
98,0.8227510452270508
99,0.8075437545776367
100,0.7350525259971619
101,0.815212607383728
102,0.7279419302940369
103,0.6829819083213806
104,0.8585543632507324
105,0.7676019072532654
106,0.8418270349502563
107,0.8328549265861511
108,0.7548164129257202
109,0.8954491019248962
110,0.8990108966827393
111,0.7570008039474487
112,0.8172942996025085
113,0.7784756422042847
114,0.9058566093444824
115,0.8383729457855225
116,0.8377541303634644
117,0.8102285861968994
118,0.8196718692779541
119,0.8811973929405212
120,0.8034135699272156
121,0.7787144184112549
122,0.820953369140625
123,0.8105378150939941
124,0.8591554164886475
125,0.9091470837593079
126,0.8905438184738159
127,0.8314855694770813
128,0.8428310751914978
129,0.905527651309967
130,0.8366988897323608
131,0.8066825270652771
132,0.7556028962135315
133,0.7705584168434143
134,0.7902250289916992
135,0.6557896733283997
136,0.7519374489784241
137,0.810817539691925
138,0.8655299544334412
139,0.8267449736595154
140,0.8112918138504028
141,0.8595768809318542
142,0.8858838081359863
143,0.8359017372131348
144,0.8428828120231628
145,0.8157551288604736
146,0.8478789925575256
147,0.9062179327011108
148,0.8549686670303345
149,0.8026788830757141
150,0.8144655823707581
151,0.8454071283340454
152,0.6506606340408325
153,0.7137990593910217
154,0.7883406281471252
155,0.7489727139472961
156,0.7922446131706238
157,0.7388156056404114
158,0.8336467146873474
159,0.8086926341056824
160,0.492166131734848
161,0.6679790019989014
162,0.6928621530532837
163,0.7733448147773743
164,0.8064819574356079
165,0.9160829186439514
166,0.8517301082611084
167,0.6802762746810913
168,0.7964488863945007
169,0.7859543561935425
170,0.826431155204773
171,0.4723530113697052
172,0.7837174534797668
173,0.8925259709358215
174,0.8807656168937683
175,0.8843287229537964
176,0.7913405299186707
177,0.9036081433296204
178,0.8366571068763733
179,0.8718880414962769
180,0.8552137017250061
181,0.8659648299217224
182,0.8429948687553406
183,0.8886346220970154
184,0.8218632936477661
185,0.8564176559448242
186,0.5780990123748779
187,0.9086346626281738
188,0.8294880986213684
189,0.8179159164428711
190,0.8403530716896057
191,0.806098222732544
192,0.7698266506195068
193,0.7850612998008728
194,0.7733584642410278
195,0.8434166312217712
196,0.8288711905479431
197,0.8659381866455078
198,0.800444483757019
199,0.844673752784729
200,0.8242432475090027
201,0.7017561197280884
202,0.8558622598648071
203,0.8035129308700562
204,0.781171441078186
205,0.8517324924468994
206,0.8048170804977417
207,0.7474852800369263
208,0.8480970859527588
209,0.7475833892822266
210,0.8072740435600281
211,0.7641749978065491
212,0.7262855172157288
213,0.6581820845603943
214,0.7794037461280823
215,0.7823348641395569
216,0.7924347519874573
217,0.7754120230674744
218,0.6491509675979614
219,0.6799608469009399
220,0.6567555665969849
221,0.8238937258720398
222,0.8497655391693115
223,0.7872452139854431
224,0.8087632060050964
225,0.8144158720970154
226,0.7000911235809326
227,0.7639605402946472
228,0.6926023960113525
229,0.7681273818016052
230,0.8568283319473267
231,0.8082529902458191
232,0.860399603843689
233,0.8758013844490051
234,0.8482544422149658
235,0.8751048445701599
236,0.8862494230270386
237,0.9106018543243408
238,0.8361628651618958
239,0.9069099426269531
240,0.850247323513031
241,0.8425232768058777
242,0.9132307171821594
243,0.8405585885047913
244,0.8156203031539917
245,0.8560165762901306
246,0.832000195980072
247,0.853664755821228
248,0.9012123942375183
249,0.8892478346824646
250,0.9351100325584412
251,0.8947381973266602
252,0.762042760848999
253,0.8462314009666443
254,0.8801655173301697
255,0.8750075101852417
256,0.8343165516853333
257,0.8245272636413574
258,0.7906026244163513
259,0.8547240495681763
260,0.8432735204696655
261,0.8485205769538879
262,0.839905858039856
263,0.8145816922187805
264,0.8867758512496948
265,0.887213408946991
266,0.8997523784637451
267,0.878695547580719
268,0.8688523769378662
269,0.8325938582420349
270,0.8355210423469543
271,0.826361358165741
272,0.7888363003730774
273,0.8067793250083923
274,0.8788518309593201
275,0.7894827127456665
276,0.7832247018814087
277,0.8288599252700806
278,0.7875205874443054
279,0.776697039604187
280,0.8133346438407898
281,0.7186266183853149
282,0.8072978854179382
283,0.8335108160972595
284,0.7255546450614929
285,0.7875523567199707
286,0.7808367013931274
287,0.7574741244316101
288,0.7680011987686157
289,0.7429001927375793
290,0.7740541100502014
291,0.7492915987968445
292,0.8286823034286499
293,0.7555767893791199
294,0.7203455567359924
295,0.7922331690788269
296,0.796305239200592
297,0.7758170962333679
298,0.6070053577423096
299,0.8510854244232178
300,0.8023223280906677
301,0.8335299491882324
302,0.809913694858551
303,0.590303361415863
304,0.8201400637626648
305,0.6994368433952332
306,0.7591574192047119
307,0.6018030047416687
308,0.7696908116340637
309,0.7700984477996826
310,0.7091099619865417
311,0.7729942202568054
312,0.8298692107200623
313,0.8181185126304626
314,0.8686254024505615
315,0.8403180241584778
316,0.8301986455917358
317,0.8287361860275269
318,0.4589769244194031
319,0.8148614168167114
320,0.6290615797042847
321,0.8374742269515991
322,0.8499719500541687
323,0.8216124773025513
324,0.8425852656364441
325,0.8372716307640076
326,0.8297080993652344
327,0.8144938945770264
328,0.7022161483764648
329,0.7717310786247253
330,0.7860502004623413
331,0.722110390663147
332,0.7678109407424927
333,0.8154774904251099
334,0.7867223620414734
335,0.8417689800262451
336,0.7940613031387329
337,0.7162991762161255
338,0.8715180158615112
339,0.8233134150505066
340,0.7523716688156128
341,0.7556756138801575
342,0.7516228556632996
343,0.8250550031661987
344,0.7473273277282715
345,0.7898543477058411
346,0.7844504117965698
347,0.836239218711853
348,0.7345525622367859
349,0.8350986838340759
350,0.8265451788902283
351,0.8260595202445984
352,0.711072564125061
353,0.7725226283073425
354,0.8381356000900269
355,0.8545657396316528
356,0.8925764560699463
357,0.7928428649902344
358,0.37266871333122253
359,0.4117994010448456
360,0.8354871869087219
361,0.7442466020584106
362,0.8091703653335571
363,0.838132381439209
364,0.7311841249465942
365,0.8272222280502319
366,0.8738951086997986
367,0.8244290351867676
368,0.8203489780426025
369,0.7840428948402405
370,0.7430678606033325
371,0.8473439812660217
372,0.8272588849067688
373,0.7367039918899536
374,0.8723669648170471
375,0.8570685982704163
376,0.79231196641922
377,0.8335790634155273
378,0.8446024060249329
379,0.8318144083023071
380,0.750325620174408
381,0.7376447916030884
382,0.7689499258995056
383,0.8257554173469543
384,0.8497130274772644
385,0.8014068007469177
386,0.8217970132827759
387,0.8221630454063416
388,0.7646490335464478
389,0.8634586930274963
390,0.8126546740531921
391,0.8363352417945862
392,0.8483976721763611
393,0.8408340811729431
394,0.8211848139762878
395,0.7954248785972595
396,0.7897546887397766
397,0.8692004680633545
398,0.795229434967041
399,0.799889087677002
400,0.8597362041473389
401,0.8480804562568665
402,0.8507148623466492
403,0.8530256748199463
404,0.8353785276412964
405,0.859054684638977
406,0.8436126708984375
407,0.7915528416633606
408,0.8460965752601624
409,0.8813766241073608
410,0.7254133224487305
411,0.7268645763397217
412,0.8544442057609558
413,0.8425549268722534
414,0.7504858374595642
415,0.8301368951797485
416,0.8449627757072449
417,0.7728506326675415
418,0.8457142114639282
419,0.8122826218605042
420,0.8870323300361633
421,0.8561969995498657
422,0.8549672961235046
423,0.7687250375747681
424,0.7541176676750183
425,0.8425304293632507
426,0.762293815612793
427,0.7964937090873718
428,0.8664593696594238
429,0.8200215697288513
430,0.8062892556190491
431,0.8888418674468994
432,0.8231419324874878
433,0.8446234464645386
434,0.8490584492683411
435,0.8194862008094788
436,0.8857887387275696
437,0.7999318242073059
438,0.8753888010978699
439,0.8288450241088867
440,0.9054235816001892
441,0.8621740937232971
442,0.8244197368621826
443,0.854724645614624
444,0.7337725162506104
445,0.911138117313385
446,0.8486536741256714
447,0.8081561326980591
448,0.8734579086303711
449,0.9067607522010803
450,0.832923173904419
451,0.8030341863632202
452,0.8923207521438599
453,0.832989513874054
454,0.9110123515129089
455,0.8179739117622375
456,0.8748164176940918
457,0.8580776453018188
458,0.7423399090766907
459,0.833780825138092
460,0.637951135635376
461,0.7409138083457947
462,0.8754979968070984
463,0.8336538076400757
464,0.8646777272224426
465,0.8880260586738586
466,0.8412343859672546
467,0.8215584754943848
468,0.8159945607185364
469,0.868559718132019
470,0.846163809299469
471,0.8085391521453857
472,0.8441596031188965
473,0.8186037540435791
474,0.7899912595748901
475,0.8103853464126587
476,0.848353385925293
477,0.8382748961448669
478,0.8516269326210022
479,0.8690725564956665
480,0.8489660024642944
481,0.8388247489929199
482,0.8953683376312256
483,0.8392017483711243
484,0.8323158025741577
485,0.8572723269462585
486,0.8200715780258179
487,0.8576152920722961
488,0.8683303594589233
489,0.8183383345603943
490,0.871818482875824
491,0.8970749974250793
492,0.8639103174209595
493,0.8338439464569092
494,0.8110883831977844
495,0.8360716700553894
496,0.8250311613082886
497,0.9139662384986877
498,0.8580508232116699
499,0.8225110769271851
500,0.8803033828735352
501,0.8561161756515503
502,0.8249457478523254
503,0.910695493221283
504,0.9230684041976929
505,0.8349783420562744
506,0.8427146077156067
507,0.8425447940826416
508,0.8747972249984741
509,0.7705376148223877
510,0.8468278050422668
511,0.9082784652709961
512,0.8224150538444519
513,0.8503618240356445
514,0.6593865752220154
515,0.8376561999320984
516,0.8782333135604858
517,0.8182073831558228
518,0.9026269316673279
519,0.8380165100097656
520,0.8543147444725037
521,0.8378896117210388
522,0.8366948366165161
523,0.9318861961364746
524,0.8412439227104187
525,0.791715681552887
526,0.7929242253303528
527,0.42002391815185547
528,0.6948094367980957
529,0.8097264170646667
530,0.8865776062011719
531,0.8880316019058228
532,0.8456284999847412
533,0.8517424464225769
534,0.8675851225852966
535,0.7550421953201294
536,0.8733799457550049
537,0.8182822465896606
538,0.8636754155158997
539,0.8566169142723083
540,0.8291534781455994
541,0.8356350064277649
542,0.8129379153251648
543,0.9033395051956177
544,0.7754115462303162
545,0.7823496460914612
546,0.8479009866714478
547,0.810858964920044
548,0.7748540639877319
549,0.7926734089851379
550,0.8049814105033875
551,0.7989498376846313
552,0.6980904936790466
553,0.822330892086029
554,0.726564884185791
555,0.7308968305587769
556,0.8744673728942871
557,0.8881279230117798
558,0.8172509670257568
559,0.8664463758468628
560,0.8792675733566284
561,0.9252325892448425
562,0.8214036226272583
563,0.7951298952102661
564,0.8731653094291687
565,0.7338513731956482
566,0.8237442970275879
567,0.7857183218002319
568,0.8175961971282959
569,0.8842229247093201
570,0.8801630139350891
571,0.8104345202445984
572,0.811906099319458
573,0.829209566116333
574,0.8007110357284546
575,0.786072850227356
576,0.8661502599716187
577,0.7799840569496155
578,0.7747107744216919
579,0.8296646475791931
580,0.8062218427658081
581,0.6731602549552917
582,0.7583596110343933
583,0.7116193771362305
584,0.6511309742927551
585,0.7932458519935608
586,0.7748919725418091
587,0.727406919002533
588,0.8277361392974854
589,0.8378934264183044
590,0.8370552659034729
591,0.7845243811607361
592,0.7763397097587585
593,0.7082930207252502
594,0.823161780834198
595,0.811705470085144
596,0.7791836261749268
597,0.8128185868263245
598,0.749808132648468
599,0.8382335305213928
600,0.7533697485923767
601,0.8286026120185852
602,0.8347136974334717
603,0.7652616500854492
604,0.7429249882698059
605,0.8163395524024963
606,0.7845820188522339
607,0.8312504291534424
608,0.812437891960144
609,0.7861025333404541
610,0.8232776522636414
611,0.7570633292198181
612,0.6254440546035767
613,0.8382665514945984
614,0.8063141703605652
615,0.7678484916687012
616,0.789358377456665
617,0.7633432745933533
618,0.7192003726959229
619,0.7179603576660156
620,0.780515730381012
621,0.7739150524139404
622,0.8333748579025269
623,0.7321681380271912
624,0.8079550862312317
625,0.8645064830780029
626,0.7872962355613708
627,0.8648290634155273
628,0.8435316681861877
629,0.8183316588401794
630,0.835003137588501
631,0.7068268656730652
632,0.8382843136787415
633,0.8738757967948914
634,0.8016337156295776
635,0.8189973831176758
636,0.8330177664756775
637,0.7476658225059509
638,0.7673459053039551
639,0.8977978229522705
640,0.8458438515663147
641,0.7128192782402039
642,0.7583057284355164
643,0.8215691447257996
644,0.8251320123672485
645,0.8532578945159912
646,0.8511676788330078
647,0.8626885414123535
648,0.8505152463912964
649,0.8757032155990601
650,0.9069657325744629
651,0.8883108496665955
652,0.8428548574447632
653,0.8492273092269897
654,0.8650607466697693
655,0.8560778498649597
656,0.8668757677078247
657,0.8525781631469727
658,0.8881566524505615
659,0.7969375848770142
660,0.8366953730583191
661,0.8199318051338196
662,0.858025848865509
663,0.8973193764686584
664,0.8240451812744141
665,0.8465496897697449
666,0.8525859713554382
667,0.8233875036239624
668,0.7824676632881165
669,0.7955501079559326
670,0.8390527367591858
671,0.8254648447036743
672,0.8162310123443604
673,0.8790880441665649
674,0.8483054041862488
675,0.8673681020736694
676,0.8299018740653992
677,0.8530827164649963
678,0.823281466960907
679,0.8858805298805237
680,0.8412537574768066
681,0.8533520698547363
682,0.792207658290863
683,0.7567344903945923
684,0.8569362163543701
685,0.8512353301048279
686,0.7773134708404541
687,0.7991950511932373
688,0.8294125199317932
689,0.7615751624107361
690,0.7775633931159973
691,0.7826660871505737
692,0.804020881652832
693,0.8694655895233154
694,0.7993190288543701
695,0.8173159956932068
696,0.8481577038764954
697,0.8480612635612488
698,0.8351129293441772
699,0.8251776695251465
700,0.7753693461418152
701,0.8036007285118103
702,0.8790736198425293
703,0.8282482624053955
704,0.8913926482200623
705,0.7728481292724609
706,0.8168548941612244
707,0.8175311088562012
708,0.8914745450019836
709,0.8105111122131348
710,0.8527253866195679
711,0.824009895324707
712,0.856427013874054
713,0.8020974397659302
714,0.7427903413772583
715,0.8464779257774353
716,0.796028733253479
717,0.7975673675537109
718,0.592993974685669
719,0.7625321745872498
720,0.768589437007904
721,0.7685697674751282
722,0.7957476377487183
723,0.7495747804641724
724,0.6877345442771912
725,0.7419806718826294
726,0.7719035744667053
727,0.7336004972457886
728,0.81378573179245
729,0.8013842701911926
730,0.8266118764877319
731,0.8160327076911926
732,0.7359841465950012
733,0.8021364808082581
734,0.771742045879364
735,0.7912170886993408
736,0.7393004298210144
737,0.8029903173446655
738,0.779248833656311
739,0.7623966932296753
740,0.8757842779159546
741,0.8498002290725708
742,0.8599047064781189
743,0.8156598806381226
744,0.7848706841468811
745,0.7597633004188538
746,0.8235946893692017
747,0.8662424683570862
748,0.8390573263168335
749,0.7267058491706848
750,0.808771550655365
751,0.8497459292411804
752,0.8433753848075867
753,0.8400984406471252
754,0.7956163883209229
755,0.6804583072662354
756,0.7406197786331177
757,0.8158864974975586
758,0.7550128698348999
759,0.883512020111084
760,0.7758139371871948
761,0.9107547402381897
762,0.8275301456451416
763,0.8272448778152466
764,0.8630973100662231
765,0.8488621711730957
766,0.8364867568016052
767,0.7582802772521973
768,0.721454381942749
769,0.8198349475860596
770,0.7204013466835022
771,0.7801227569580078
772,0.822873592376709
773,0.7915346622467041
774,0.8661591410636902
775,0.8325902819633484
776,0.8891008496284485
777,0.8646027445793152
778,0.7824997305870056
779,0.7436174750328064
780,0.7694294452667236
781,0.8337363004684448
782,0.839387059211731
783,0.7685766816139221
784,0.9445070624351501
785,0.8570057153701782
786,0.7786011099815369
787,0.7239827513694763
788,0.7575910687446594
789,0.7549816370010376
790,0.7793520092964172
791,0.8100459575653076
792,0.8304363489151001
793,0.6015039086341858
794,0.8373995423316956
795,0.7670706510543823
796,0.8126428723335266
797,0.7875053882598877
798,0.7576612830162048
799,0.7705186605453491
800,0.7689262628555298
801,0.6963534951210022
802,0.7967876195907593
803,0.7328991889953613
804,0.8684794902801514
805,0.8341862559318542
806,0.8102996349334717
807,0.7679651379585266
808,0.8446018099784851
809,0.8352741599082947
810,0.854526162147522
811,0.7918389439582825
812,0.6050084233283997
813,0.8238217830657959
814,0.8470298647880554
815,0.7918216586112976
816,0.8232409954071045
817,0.7785572409629822
818,0.7822396755218506
819,0.8728041648864746
820,0.7953242063522339
821,0.7926623821258545
822,0.8616296648979187
823,0.8629112243652344
824,0.8461346626281738
825,0.8376440405845642
826,0.749760627746582
827,0.7652096152305603
828,0.8233945369720459
829,0.8341553807258606
830,0.8487549424171448
831,0.825958788394928
832,0.7582526803016663
833,0.6875271201133728
834,0.8003472089767456
835,0.8316888213157654
836,0.8230802416801453
837,0.8301882743835449
838,0.84262615442276
839,0.8218135833740234
840,0.808258056640625
841,0.8350638151168823
842,0.6667487025260925
843,0.7401827573776245
844,0.8676120042800903
845,0.704846203327179
846,0.8002420663833618
847,0.8074102997779846
848,0.844630777835846
849,0.8224195837974548
850,0.779976487159729
851,0.7590543031692505
852,0.6930837035179138
853,0.6515803337097168
854,0.8134707808494568
855,0.6988461017608643
856,0.7820160388946533
857,0.8144468665122986
858,0.8340199589729309
859,0.7969054579734802
860,0.8725958466529846
861,0.7794293761253357
862,0.8008817434310913
863,0.7991446852684021
864,0.862348198890686
865,0.8364434242248535
866,0.7337149381637573
867,0.8478894829750061
868,0.7942501902580261
869,0.6103090047836304
870,0.8624744415283203
871,0.5569672584533691
872,0.5844760537147522
873,0.8528237342834473
874,0.6682639122009277
875,0.721692681312561
876,0.7825524806976318
877,0.8493132591247559
878,0.8302568197250366
879,0.8450653553009033
880,0.7275071740150452
881,0.8119338750839233
882,0.8404269814491272
883,0.7434108853340149
884,0.8144218325614929
885,0.720097005367279
886,0.8073990345001221
887,0.8045923113822937
888,0.8207845687866211
889,0.8128522634506226
890,0.8419663906097412
891,0.8715654015541077
892,0.7544849514961243
893,0.8588961958885193
894,0.8338291645050049
895,0.8289372324943542
896,0.7844991087913513
897,0.7248741388320923
898,0.8230615258216858
899,0.8242495059967041
900,0.8343854546546936
901,0.830061137676239
902,0.808557391166687
903,0.8101010918617249
904,0.8149441480636597
905,0.787334144115448
906,0.7179954648017883
907,0.7842957973480225
908,0.8140758275985718
909,0.7938061952590942
910,0.8698195815086365
911,0.7907054424285889
912,0.8283973932266235
913,0.672096312046051
914,0.7904683351516724
915,0.7822901606559753
916,0.8286468386650085
917,0.8410309553146362
918,0.7902443408966064
919,0.7915847301483154
920,0.7769941091537476
921,0.8136040568351746
922,0.8016343712806702
923,0.7559787034988403
924,0.8475668430328369
925,0.852016806602478
926,0.8559799194335938
927,0.8441329598426819
928,0.7977229952812195
929,0.6826429963111877
930,0.8249545097351074
931,0.7784948348999023
932,0.4924516975879669
933,0.7623696327209473
934,0.8285749554634094
935,0.8681058883666992
936,0.8298113346099854
937,0.8267630934715271
938,0.8430721759796143
939,0.790334165096283
940,0.8963919878005981
941,0.8784321546554565
942,0.8960620760917664
943,0.822683572769165
944,0.8514494895935059
945,0.8656520247459412
946,0.9430807828903198
947,0.8575663566589355
948,0.8434255719184875
949,0.7584580779075623
950,0.8738417029380798
951,0.783728301525116
952,0.8154589533805847
953,0.8019489645957947
954,0.8259113430976868
955,0.8120419979095459
956,0.8140944838523865
957,0.827336847782135
958,0.771723747253418
959,0.8179715871810913
960,0.7814285755157471
961,0.7387964725494385
962,0.6964837908744812
963,0.8347365856170654
964,0.8384495377540588
965,0.8099506497383118
966,0.814021110534668
967,0.8517494201660156
968,0.8494879603385925
969,0.814875602722168
970,0.8857077956199646
971,0.8348872065544128
972,0.8587974905967712
973,0.7959562540054321
974,0.8436354994773865
975,0.8199363350868225
976,0.7459271550178528
977,0.8048811554908752
978,0.8255147337913513
979,0.7763760685920715
980,0.8007097244262695
981,0.8265374302864075
982,0.843629777431488
983,0.8163398504257202
984,0.7562564611434937
985,0.8334856629371643
986,0.9112517833709717
987,0.8088952898979187
988,0.7763977646827698
989,0.8755202889442444
990,0.8200864195823669
991,0.8229200839996338
992,0.8014913201332092
993,0.8551837205886841
994,0.8809812664985657
995,0.8396574258804321
996,0.7585722208023071
997,0.9023687839508057
998,0.7534183859825134
999,0.8415922522544861
1000,0.7761802077293396
1001,0.7995568513870239
1002,0.8236666917800903
1003,0.7738460302352905
1004,0.7511088848114014
1005,0.8120058178901672
1006,0.7177977561950684
1007,0.7183070182800293
1008,0.8379407525062561
1009,0.7589528560638428
1010,0.7678892016410828
1011,0.7848523855209351
1012,0.78421550989151
1013,0.8408330082893372
1014,0.8104920387268066
1015,0.8675549030303955
1016,0.8429725766181946
1017,0.8477998971939087
1018,0.7737889885902405
1019,0.819791316986084
1020,0.8755196332931519
1021,0.7768113613128662
1022,0.8167774081230164
1023,0.8144424557685852
1024,0.7266183495521545
1025,0.8567554950714111
1026,0.7913720607757568
1027,0.8679803013801575
1028,0.7404036521911621
1029,0.8307341933250427
1030,0.8483969569206238
1031,0.8492817282676697
1032,0.8947421908378601
1033,0.8601105213165283
1034,0.8303707838058472
1035,0.881039023399353
1036,0.8524772524833679
1037,0.8169731497764587
1038,0.7990806102752686
1039,0.8341967463493347
1040,0.8655651211738586
1041,0.8924792408943176
1042,0.8695518374443054
1043,0.8776510953903198
1044,0.812370777130127
1045,0.8255976438522339
1046,0.8882642984390259
1047,0.8872525095939636
1048,0.8596553802490234
1049,0.9052814841270447
1050,0.829686164855957
1051,0.8342939019203186
1052,0.8905407190322876
1053,0.8419501781463623
1054,0.8241324424743652
1055,0.8475024104118347
1056,0.7854372262954712
1057,0.8714044690132141
1058,0.7956016659736633
1059,0.8330796360969543
1060,0.9284408092498779
1061,0.8615267872810364
1062,0.8596903681755066
1063,0.8655511736869812
1064,0.8821849226951599
1065,0.8112373352050781
1066,0.7920280694961548
1067,0.7381903529167175
1068,0.7463765740394592
1069,0.8056020736694336
1070,0.8149119019508362
1071,0.7640694379806519
1072,0.7250170707702637
1073,0.6398820877075195
1074,0.7206436395645142
1075,0.637940526008606
1076,0.5578263401985168
1077,0.7690655589103699
1078,0.7778836488723755
1079,0.7694292068481445
1080,0.7815465927124023
1081,0.794562041759491
1082,0.747704267501831
1083,0.8428497314453125
1084,0.7926415205001831
1085,0.8418376445770264
1086,0.61788409948349
1087,0.74576336145401
1088,0.7301439046859741
1089,0.7417469024658203
1090,0.7453635334968567
1091,0.7050556540489197
1092,0.8187211751937866
1093,0.5332485437393188
1094,0.775854229927063
1095,0.7747591733932495
1096,0.8826417326927185
1097,0.7860685586929321
1098,0.742659330368042
1099,0.8469088077545166
1100,0.7983235120773315
1101,0.8185037970542908
1102,0.834990382194519
1103,0.8319194316864014
1104,0.9117228984832764
1105,0.8264909386634827
1106,0.8732470273971558
1107,0.765962541103363
1108,0.860658586025238
1109,0.8116554021835327
1110,0.8795695900917053
1111,0.83450847864151
1112,0.8677461743354797
1113,0.8670839667320251
1114,0.8439003229141235
1115,0.8985807299613953
1116,0.8058747053146362
1117,0.8302868008613586
1118,0.8750296831130981
1119,0.8091260194778442
1120,0.7627841234207153
1121,0.7484933137893677
1122,0.798915684223175
1123,0.8419525623321533
1124,0.8347897529602051
1125,0.7985931038856506
1126,0.7032133936882019
1127,0.8562331795692444
1128,0.8308983445167542
1129,0.8963073492050171
1130,0.846808910369873
1131,0.8706395626068115
1132,0.8364948034286499
1133,0.836053729057312
1134,0.742938220500946
1135,0.8547523617744446
1136,0.7761212587356567
1137,0.8894360661506653
1138,0.815665602684021
1139,0.8122300505638123
1140,0.8484833836555481
1141,0.8340604305267334
1142,0.8478484153747559
1143,0.9247785806655884
1144,0.831429660320282
1145,0.8112611770629883
1146,0.7408565878868103
1147,0.7682527303695679
1148,0.7821851372718811
1149,0.8574438095092773
1150,0.674063503742218
1151,0.840151309967041
1152,0.807672381401062
1153,0.7622411251068115
1154,0.7748495936393738
1155,0.7461680769920349
1156,0.6536792516708374
1157,0.8275502920150757
1158,0.7721388936042786
1159,0.5630067586898804
1160,0.7661725282669067
1161,0.8545948266983032
1162,0.7685774564743042
1163,0.7469035387039185
1164,0.7045309543609619
1165,0.8861953616142273
1166,0.8080621361732483
1167,0.8707209229469299
1168,0.6292667984962463
1169,0.785764217376709
1170,0.8062342405319214
1171,0.8666515946388245
1172,0.646955668926239
1173,0.7253422737121582
1174,0.8592695593833923
1175,0.8753093481063843
1176,0.8684343099594116
1177,0.8267670273780823
1178,0.7788147926330566
1179,0.8850662708282471
1180,0.8752062916755676
1181,0.8518339991569519
1182,0.8593475818634033
1183,0.878715455532074
1184,0.8965336680412292
1185,0.898479163646698
1186,0.8286809325218201
1187,0.8996792435646057
1188,0.7795652151107788
1189,0.87715744972229
1190,0.9402626752853394
1191,0.8724976181983948
1192,0.8316323161125183
1193,0.7624064683914185
1194,0.8713186979293823
1195,0.7833111882209778
1196,0.810153603553772
1197,0.8582427501678467
1198,0.8701805472373962
1199,0.8131868243217468
1200,0.8144636154174805
1201,0.7790560126304626
1202,0.8508560657501221
1203,0.7549434304237366
1204,0.822147011756897
1205,0.8194457292556763
1206,0.8245241045951843
1207,0.9327992796897888
1208,0.8376480937004089
1209,0.7452263832092285
1210,0.7920919060707092
1211,0.7671517133712769
1212,0.8091928362846375
1213,0.8837270736694336
1214,0.40877291560173035
1215,0.8684239983558655
1216,0.7951424717903137
1217,0.7348804473876953
1218,0.6911981105804443
1219,0.838523268699646
1220,0.6963656544685364
1221,0.8304352760314941
1222,0.8692672252655029
1223,0.7629738450050354
1224,0.8180795907974243
1225,0.49530258774757385
1226,0.780676543712616
1227,0.8667230010032654
1228,0.8465452194213867
1229,0.8510541319847107
1230,0.8245790004730225
1231,0.8295693397521973
1232,0.8133278489112854
1233,0.848349928855896
1234,0.8147352337837219
1235,0.8484628796577454
1236,0.9116026759147644
1237,0.8228462934494019
1238,0.7688292860984802
1239,0.8821374773979187
1240,0.8558353185653687
1241,0.85163813829422
1242,0.8731055855751038
1243,0.8242738842964172
1244,0.8401250243186951
1245,0.8347511887550354
1246,0.8702672719955444
1247,0.8601359724998474
1248,0.8359794020652771
1249,0.8455780744552612
1250,0.8501542806625366
1251,0.8381139636039734
1252,0.8770412802696228
1253,0.8100864887237549
1254,0.8937909603118896
1255,0.8821317553520203
1256,0.7322064638137817
1257,0.8744683861732483
1258,0.8464307188987732
1259,0.8342897295951843
1260,0.8406096696853638
1261,0.8451499342918396
1262,0.8382818102836609
1263,0.8365264534950256
1264,0.8029420971870422
1265,0.8445464968681335
1266,0.8773423433303833
1267,0.831365704536438
1268,0.8709901571273804
1269,0.8289954662322998
1270,0.8513686060905457
1271,0.8017963767051697
1272,0.8993160724639893
1273,0.8311083316802979
1274,0.7799068093299866
1275,0.8491448760032654
1276,0.8492034077644348
1277,0.8091216683387756
1278,0.7505588531494141
1279,0.8386444449424744
1280,0.7923718094825745
1281,0.7820606231689453
1282,0.8210858702659607
1283,0.7633735537528992
1284,0.5726861357688904
1285,0.813958466053009
1286,0.7732740640640259
1287,0.7869302034378052
1288,0.8224952816963196
1289,0.7927539944648743
1290,0.7475659251213074
1291,0.8977720141410828
1292,0.8486177325248718
1293,0.9253384470939636
1294,0.8959870338439941
1295,0.8651450276374817
1296,0.8138307929039001
1297,0.8924363255500793
1298,0.8796664476394653
1299,0.8550470471382141
1300,0.9018967151641846
1301,0.8929766416549683
1302,0.7835380434989929
1303,0.826442539691925
1304,0.8479117751121521
1305,0.7733755111694336
1306,0.876337468624115
1307,0.8227574229240417
1308,0.7859815955162048
1309,0.8401394486427307
1310,0.7249061465263367
1311,0.7862624526023865
1312,0.7292355895042419
1313,0.7805267572402954
1314,0.7856277227401733
1315,0.8118456602096558
1316,0.8861684203147888
1317,0.7913187146186829
1318,0.8946027159690857
1319,0.8362589478492737
1320,0.7916384339332581
1321,0.35601282119750977
1322,0.7695949673652649
1323,0.8426752090454102
1324,0.8271787762641907
1325,0.8795843720436096
1326,0.894180953502655
1327,0.8598442673683167
1328,0.7225145101547241
1329,0.9007328748703003
1330,0.6509073972702026
1331,0.7192512154579163
1332,0.8049222826957703
1333,0.8457959294319153
1334,0.8734273314476013
1335,0.8142173290252686
1336,0.7881104946136475
1337,0.8734850883483887
1338,0.8764960169792175
1339,0.8583289384841919
1340,0.8341653347015381
1341,0.8382176160812378
1342,0.8374710083007812
1343,0.8395941257476807
1344,0.8545417785644531
1345,0.8266687393188477
1346,0.8650441765785217
1347,0.8962615132331848
1348,0.9019806385040283
1349,0.9014447927474976
1350,0.8075814843177795
1351,0.8031525015830994
1352,0.750626802444458
1353,0.787544310092926
1354,0.8458336591720581
1355,0.8193345665931702
1356,0.8701618909835815
1357,0.7819037437438965
1358,0.7947573065757751
1359,0.7300562858581543
1360,0.766276478767395
1361,0.8409708738327026
1362,0.79417484998703
1363,0.8557334542274475
1364,0.6709946990013123
1365,0.7485411167144775
1366,0.8472785949707031
1367,0.7833860516548157
1368,0.6030791401863098
1369,0.7037457227706909
1370,0.6698034405708313
1371,0.7469815015792847
1372,0.77913498878479
1373,0.8713727593421936
1374,0.7669072151184082
1375,0.7228829264640808
1376,0.7870434522628784
1377,0.8094823360443115
1378,0.6617338061332703
1379,0.6970922350883484
1380,0.693281352519989
1381,0.7781633734703064
1382,0.7924152612686157
1383,0.751187801361084
1384,0.7765640020370483
1385,0.8566550016403198
1386,0.53315269947052
1387,0.8319787383079529
1388,0.827893853187561
1389,0.8709523677825928
1390,0.7934936285018921
1391,0.8408843874931335
1392,0.83917635679245
1393,0.8468632698059082
1394,0.7938504815101624
1395,0.8675220012664795
1396,0.8059384822845459
1397,0.8270219564437866
1398,0.8436338901519775
1399,0.8396221399307251
1400,0.8592854142189026
1401,0.8753390312194824
1402,0.8917220830917358
1403,0.8422102332115173
1404,0.8222021460533142
1405,0.8947038054466248
1406,0.7695245146751404
1407,0.8030162453651428
1408,0.8483749628067017
1409,0.8548718094825745
1410,0.8480474352836609
1411,0.8772512078285217
1412,0.8346320390701294
1413,0.8002974390983582
1414,0.7666375637054443
1415,0.8230982422828674
1416,0.8446781039237976
1417,0.8559883832931519
1418,0.8598527312278748
1419,0.8304875493049622
1420,0.8427154421806335
1421,0.8435339331626892
1422,0.7928014993667603
1423,0.8825518488883972
1424,0.8854873180389404
1425,0.9176340103149414
1426,0.7745081186294556
1427,0.7567787766456604
1428,0.8448559641838074
1429,0.8529775142669678
1430,0.8400063514709473
1431,0.8431887626647949
1432,0.8202006816864014
1433,0.8502153158187866
1434,0.8530588150024414
1435,0.8046715259552002
1436,0.7834634780883789
1437,0.8568573594093323
1438,0.8608894944190979
1439,0.8755051493644714
1440,0.8634159564971924
1441,0.8044378161430359
1442,0.8488308191299438
1443,0.8195607662200928
1444,0.8880600929260254
1445,0.832044780254364
1446,0.7855717539787292
1447,0.8839625716209412
1448,0.8207148909568787
1449,0.7197394371032715
1450,0.8550294637680054
1451,0.8437616229057312
1452,0.9187923073768616
1453,0.8494005799293518
1454,0.8495687246322632
1455,0.862703800201416
1456,0.8491508364677429
1457,0.8669739365577698
1458,0.840488851070404
1459,0.8711593151092529
1460,0.8361374139785767
1461,0.881821870803833
1462,0.8426001667976379
1463,0.8575134873390198
1464,0.8448259234428406
1465,0.8339921236038208
1466,0.8428979516029358
1467,0.8452661037445068
1468,0.8852377533912659
1469,0.8178747892379761
1470,0.8534000515937805
1471,0.8303797245025635
1472,0.851383626461029
1473,0.895404577255249
1474,0.8966031670570374
1475,0.8955468535423279
1476,0.8572538495063782
1477,0.8347800374031067
1478,0.8860987424850464
1479,0.84337317943573
1480,0.8897711634635925
1481,0.9108049869537354
1482,0.8744703531265259
1483,0.824219286441803
1484,0.8762984871864319
1485,0.8333629369735718
1486,0.8501139283180237
1487,0.730699896812439
1488,0.8357482552528381
1489,0.8095987439155579
1490,0.820644736289978
1491,0.7566187381744385
1492,0.7610821723937988
1493,0.8361119627952576
1494,0.8477592468261719
1495,0.8306397795677185
1496,0.7991001009941101
1497,0.6340091824531555
1498,0.813201904296875
1499,0.798366904258728
1500,0.7304754853248596
1501,0.7937752604484558
1502,0.7730825543403625
1503,0.7672116756439209
1504,0.6262252330780029
1505,0.8661454916000366
1506,0.6669023036956787
1507,0.7970751523971558
1508,0.8887516856193542
1509,0.822088360786438
1510,0.8735286593437195
1511,0.777508556842804
1512,0.8639755249023438
1513,0.8223112225532532
1514,0.8263079524040222
1515,0.8598278164863586
1516,0.8518152832984924
1517,0.8299529552459717
1518,0.8463021516799927
1519,0.8572268486022949
1520,0.8386911749839783
1521,0.8656338453292847
1522,0.8312845826148987
1523,0.8305018544197083
1524,0.7463602423667908
1525,0.7820056080818176
1526,0.7168004512786865
1527,0.8227466940879822
1528,0.8251299858093262
1529,0.8209788203239441
1530,0.877191960811615
1531,0.8195362687110901
1532,0.7998046278953552
1533,0.7538582682609558
1534,0.7937054634094238
1535,0.7807414531707764
1536,0.7564075589179993
1537,0.8082565665245056
1538,0.5684196949005127
1539,0.7328758835792542
1540,0.8858414888381958
1541,0.866476833820343
1542,0.9046218991279602
1543,0.8607510924339294
1544,0.8454166054725647
1545,0.8475849032402039
1546,0.8687289357185364
1547,0.8157398700714111
1548,0.8141034245491028
1549,0.8422409892082214
1550,0.8415122628211975
1551,0.7746169567108154
1552,0.8288144469261169
1553,0.8136007785797119
1554,0.8124854564666748
1555,0.8201090097427368
1556,0.8559098243713379
1557,0.908884584903717
1558,0.7893070578575134
1559,0.8494945764541626
1560,0.8606151342391968
1561,0.4841388463973999
1562,0.514724850654602
1563,0.7267671227455139
1564,0.7798373699188232
1565,0.479730486869812
1566,0.797034740447998
1567,0.8442867398262024
1568,0.7211054563522339
1569,0.8419522047042847
1570,0.42935413122177124
1571,0.6595713496208191
1572,0.8145523071289062
1573,0.7797700762748718
1574,0.831333339214325
1575,0.841014564037323
1576,0.8328412175178528
1577,0.9057546854019165
1578,0.8805997967720032
1579,0.9023774862289429
1580,0.8391851186752319
1581,0.8003289699554443
1582,0.859790563583374
1583,0.8169446587562561
1584,0.86070317029953
1585,0.7860758900642395
1586,0.872235119342804
1587,0.8763418793678284
1588,0.8514068722724915
1589,0.8610047101974487
1590,0.8540782928466797
1591,0.76961350440979
1592,0.8321759700775146
1593,0.8027617335319519
1594,0.7470734715461731
1595,0.8712484240531921
1596,0.8373344540596008
1597,0.8801451921463013
1598,0.7911286354064941
1599,0.802699863910675
1600,0.841862142086029
1601,0.8321637511253357
1602,0.8792921304702759
1603,0.870121419429779
1604,0.8403666019439697
1605,0.8872014284133911
1606,0.8801048398017883
1607,0.747445821762085
1608,0.7970827221870422
1609,0.8182337880134583
1610,0.7834532260894775
1611,0.8256711959838867
1612,0.7230437397956848
1613,0.732330858707428
1614,0.8323870301246643
1615,0.8427961468696594
1616,0.8057214021682739
1617,0.8377895951271057
1618,0.8741508722305298
1619,0.8365734219551086
1620,0.8268646001815796
1621,0.8285075426101685
1622,0.7688976526260376
1623,0.8479703664779663
1624,0.8344380855560303
1625,0.8252885341644287
1626,0.8318268656730652
1627,0.8407448530197144
1628,0.8492697477340698
1629,0.8704771399497986
1630,0.8840610384941101
1631,0.8645185828208923
1632,0.8605497479438782
1633,0.859717071056366
1634,0.8438421487808228
1635,0.8348640203475952
1636,0.778135359287262
1637,0.8622215986251831
1638,0.7960395216941833
1639,0.8943907022476196
1640,0.8539218306541443
1641,0.8362056016921997
1642,0.7737945914268494
1643,0.7324148416519165
1644,0.8493142127990723
1645,0.8271775841712952
1646,0.7890894412994385
1647,0.815767765045166
1648,0.7716085910797119
1649,0.7913329005241394
1650,0.8684835433959961
1651,0.8445074558258057
1652,0.8243668079376221
1653,0.8189404606819153
1654,0.8933999538421631
1655,0.8256161212921143
1656,0.7887049913406372
1657,0.770629346370697
1658,0.8101103901863098
1659,0.8654782176017761
1660,0.8200525641441345
1661,0.8345882892608643
1662,0.8087732195854187
1663,0.8126266598701477
1664,0.8111451268196106
1665,0.8548369407653809
1666,0.7770956158638
1667,0.8188340663909912
1668,0.8920369744300842
1669,0.8484780192375183
1670,0.8901659250259399
1671,0.7886906862258911
1672,0.846392035484314
1673,0.8612729907035828
1674,0.8455114364624023
1675,0.8317561745643616
1676,0.8115281462669373
1677,0.8549128174781799
1678,0.8113090395927429
1679,0.8771539926528931
1680,0.8318033218383789
1681,0.8131789565086365
1682,0.7988907694816589
1683,0.7667034268379211
1684,0.8835152387619019
1685,0.8278379440307617
1686,0.8044000267982483
1687,0.8048783540725708
1688,0.8004456162452698
1689,0.8606845736503601
1690,0.7997158765792847
1691,0.8355613946914673
1692,0.7737757563591003
1693,0.8148666620254517
1694,0.8467749953269958
1695,0.8576902151107788
1696,0.843258798122406
1697,0.8282928466796875
1698,0.8356413245201111
1699,0.8536311984062195
1700,0.8684679865837097
1701,0.8042539358139038
1702,0.8105449080467224
1703,0.7859295606613159
1704,0.8663538098335266
1705,0.808375358581543
1706,0.7989900708198547
1707,0.853179395198822
1708,0.7976047992706299
1709,0.8246230483055115
1710,0.8338425159454346
1711,0.8458694219589233
1712,0.8479984402656555
1713,0.8107343912124634
1714,0.7951168417930603
1715,0.8795969486236572
1716,0.9118208289146423
1717,0.7883619070053101
1718,0.7674698829650879
1719,0.7814791798591614
1720,0.8262847065925598
1721,0.7733387351036072
1722,0.7262341976165771
1723,0.894771933555603
1724,0.8178815841674805
1725,0.7988927364349365
1726,0.7871482372283936
1727,0.8740526437759399
1728,0.8403758406639099
1729,0.8293168544769287
1730,0.8068802952766418
1731,0.7384260892868042
1732,0.8955212235450745
1733,0.8748722672462463
1734,0.8337874412536621
1735,0.8645971417427063
1736,0.8618158102035522
1737,0.7224406599998474
1738,0.7787875533103943
1739,0.8371850252151489
1740,0.7984625101089478
1741,0.7731460332870483
1742,0.8492693901062012
1743,0.8091657757759094
1744,0.8276795148849487
1745,0.7705513834953308
1746,0.7826849222183228
1747,0.8303034901618958
1748,0.8579113483428955
1749,0.8493780493736267
1750,0.7999646067619324
1751,0.819459080696106
1752,0.8320797085762024
1753,0.8050956726074219
1754,0.8623005151748657
1755,0.8038042187690735
1756,0.8182644844055176
1757,0.8572329878807068
1758,0.7626533508300781
1759,0.6977189779281616
1760,0.8211297392845154
1761,0.7907759547233582
1762,0.8314365744590759
1763,0.8354222774505615
1764,0.8075975179672241
1765,0.8040013313293457
1766,0.6891560554504395
1767,0.7853928804397583
1768,0.7272225618362427
1769,0.8218505382537842
1770,0.7365590929985046
1771,0.8108723759651184
1772,0.8542022109031677
1773,0.7967242002487183
1774,0.8407706022262573
1775,0.40848037600517273
1776,0.7771874070167542
1777,0.810680091381073
1778,0.8492458462715149
1779,0.8692862391471863
1780,0.8530569076538086
1781,0.8459064960479736
1782,0.8781682848930359
1783,0.8395559787750244
1784,0.7981837391853333
1785,0.8379747271537781
1786,0.88795006275177
1787,0.8364513516426086
1788,0.9001686573028564
1789,0.8275706768035889
1790,0.8382508754730225
1791,0.8810033202171326
1792,0.8350671529769897
1793,0.904981255531311
1794,0.9043712615966797
1795,0.7811580896377563
1796,0.8796151876449585
1797,0.8861663341522217
1798,0.8994035124778748
1799,0.8446497917175293
1800,0.9303867220878601
1801,0.8919857740402222
1802,0.7766385674476624
1803,0.7502950429916382
1804,0.6829676032066345
1805,0.8622165322303772
1806,0.8684470057487488
1807,0.8501890301704407
1808,0.847212553024292
1809,0.8597812652587891
1810,0.8020458221435547
1811,0.8719344139099121
1812,0.8839192390441895
1813,0.8244135975837708
1814,0.7740586400032043
1815,0.9078525304794312
1816,0.8239241242408752
1817,0.8208785653114319
1818,0.7855119109153748
1819,0.4702806770801544
1820,0.821637749671936
1821,0.8635693192481995
1822,0.802216112613678
1823,0.846666693687439
1824,0.8028586506843567
1825,0.7962729930877686
1826,0.7685911655426025
1827,0.872770369052887
1828,0.8054865002632141
1829,0.817520022392273
1830,0.8353584408760071
1831,0.8937352299690247
1832,0.8579297661781311
1833,0.8449941277503967
1834,0.8048014044761658
1835,0.8244192004203796
1836,0.8711370229721069
1837,0.8867155909538269
1838,0.8002337217330933
1839,0.7653305530548096
1840,0.759293258190155
1841,0.8726527094841003
1842,0.8467690944671631
1843,0.8312010169029236
1844,0.8075166940689087
1845,0.7854196429252625
1846,0.8363415002822876
1847,0.8751430511474609
1848,0.844982385635376
1849,0.8149040341377258
1850,0.8540056943893433
1851,0.8250868916511536
1852,0.8988465666770935
1853,0.8164686560630798
1854,0.7809659838676453
1855,0.8251053094863892
1856,0.8404170274734497
1857,0.8703393340110779
1858,0.7754024267196655
1859,0.8701424598693848
1860,0.8364008665084839
1861,0.8652763962745667
1862,0.8351005911827087
1863,0.7952662110328674
1864,0.8208420872688293
1865,0.7996959686279297
1866,0.8316531181335449
1867,0.7867419123649597
1868,0.8359434008598328
1869,0.8044427037239075
1870,0.8053804039955139
1871,0.8263885378837585
1872,0.835597038269043
1873,0.7701544761657715
1874,0.8497065305709839
1875,0.8018219470977783
1876,0.8108754754066467
1877,0.7482918500900269
1878,0.8058338165283203
1879,0.7969009280204773
1880,0.6997543573379517
1881,0.7919979691505432
1882,0.7271270751953125
1883,0.7286471128463745
1884,0.8059213161468506
1885,0.8189223408699036
1886,0.8526241183280945
1887,0.8121001720428467
1888,0.7642847895622253
1889,0.8135349750518799
1890,0.7987520098686218
1891,0.7950555682182312
1892,0.7984710931777954
1893,0.8032296299934387
1894,0.8262317180633545
1895,0.8968338370323181
1896,0.7859758734703064
1897,0.8393570780754089
1898,0.8171781301498413
1899,0.699735164642334
1900,0.8631959557533264
1901,0.8436663150787354
1902,0.8372589349746704
1903,0.7901194095611572
1904,0.7145020961761475
1905,0.8385555148124695
1906,0.80713951587677
1907,0.7977567911148071
1908,0.8284679651260376
1909,0.7391467094421387
1910,0.7474179863929749
1911,0.8680306077003479
1912,0.8281201124191284
1913,0.829889178276062
1914,0.8280528783798218
1915,0.8367809653282166
1916,0.8506321907043457
1917,0.874813437461853
1918,0.8536267876625061
1919,0.8329516053199768
1920,0.8352274298667908
1921,0.9007084965705872
1922,0.8526971340179443
1923,0.8295522332191467
1924,0.8813914656639099
1925,0.8843972682952881
1926,0.8934015035629272
1927,0.8878369331359863
1928,0.8419060111045837
1929,0.8497511148452759
1930,0.846382737159729
1931,0.8402921557426453
1932,0.8236615061759949
1933,0.8222041130065918
1934,0.8445452451705933
1935,0.8069084882736206
1936,0.7873821258544922
1937,0.8356637358665466
1938,0.8778035640716553
1939,0.8410779237747192
1940,0.8484084010124207
1941,0.8082546591758728
1942,0.8312728404998779
1943,0.8332480192184448
1944,0.8031593561172485
1945,0.7937166094779968
1946,0.7741561532020569
1947,0.8597685694694519
1948,0.8628389835357666
1949,0.7341333031654358
1950,0.8474282026290894
1951,0.8661657571792603
1952,0.837526798248291
1953,0.8633899092674255
1954,0.8905016779899597
1955,0.8292782306671143
1956,0.8322093486785889
1957,0.7896856069564819
1958,0.7892293930053711
1959,0.8165390491485596
1960,0.8080655336380005
1961,0.8334723711013794
1962,0.7297230958938599
1963,0.8137198686599731
1964,0.7616526484489441
1965,0.7374494075775146
1966,0.7768896222114563
1967,0.8163747191429138
1968,0.7986924648284912
1969,0.8418828845024109
1970,0.8460062146186829
1971,0.7488043904304504
1972,0.8029637932777405
1973,0.76578688621521
1974,0.7555397152900696
1975,0.7580509185791016
1976,0.8253120183944702
1977,0.877397358417511
1978,0.8299339413642883
1979,0.8387865424156189
1980,0.8736175298690796
1981,0.7921574115753174
1982,0.8876008987426758
1983,0.8227120637893677
1984,0.8655359148979187
1985,0.8241564035415649
1986,0.7883691787719727
1987,0.8682356476783752
1988,0.8447116613388062
1989,0.8463277816772461
1990,0.8231947422027588
1991,0.7992715239524841
1992,0.8852704167366028
1993,0.8277602195739746
1994,0.773242712020874
1995,0.798019289970398
1996,0.8139241933822632
1997,0.8209178447723389
1998,0.784932553768158
1999,0.8793877363204956
2000,0.8203112483024597
2001,0.7847132682800293
2002,0.6411827206611633
2003,0.7435106635093689
2004,0.7899746894836426
2005,0.8786320686340332
2006,0.7878246307373047
2007,0.8283423781394958
2008,0.8294405341148376
2009,0.8110030293464661
2010,0.8262767791748047
2011,0.8157992959022522
2012,0.7747879028320312
2013,0.8593250513076782
2014,0.8208755850791931
2015,0.8692327737808228
2016,0.8266135454177856
2017,0.8683372139930725
2018,0.7515096068382263
2019,0.8439018130302429
2020,0.7991426587104797
2021,0.7820400595664978
2022,0.7811962962150574
2023,0.8424784541130066
2024,0.8172775506973267
2025,0.8967185616493225
2026,0.8634359836578369
2027,0.8848638534545898
2028,0.870833694934845
2029,0.8714169859886169
2030,0.8752143383026123
2031,0.8709732890129089
2032,0.8709888458251953
2033,0.8442867994308472
2034,0.8253964185714722
2035,0.878631055355072
2036,0.8721255660057068
2037,0.8785290122032166
2038,0.8673924207687378
2039,0.552571713924408
2040,0.8043991327285767
2041,0.8442360162734985
2042,0.8343695998191833
2043,0.7833075523376465
2044,0.8617823719978333
2045,0.7962644696235657
2046,0.7818561792373657
2047,0.8065972328186035
2048,0.7932493090629578
2049,0.8064554929733276
2050,0.8045340180397034
2051,0.7821952700614929
2052,0.8001533150672913
2053,0.8052242398262024
2054,0.7572205662727356
2055,0.862690806388855
2056,0.8607620596885681
2057,0.8180317282676697
2058,0.8192026019096375
2059,0.8783262968063354
2060,0.8249664306640625
2061,0.8996884822845459
2062,0.8679443001747131
2063,0.827189028263092
2064,0.768852174282074
2065,0.8597000241279602
2066,0.8562184572219849
2067,0.9178177118301392
2068,0.8906742334365845
2069,0.8907615542411804
2070,0.7493942379951477
2071,0.880189061164856
2072,0.9037609696388245
2073,0.8915496468544006
2074,0.8716140389442444
2075,0.87906414270401
2076,0.8121404051780701
2077,0.8164423108100891
2078,0.8840935230255127
2079,0.8305761814117432
2080,0.8813726902008057
2081,0.888177216053009
2082,0.8603764176368713
2083,0.847210168838501
2084,0.8177023530006409
2085,0.8766583204269409
2086,0.8628343939781189
2087,0.8093274831771851
2088,0.8164184093475342
2089,0.8991683721542358
2090,0.8386554718017578
2091,0.848897397518158
2092,0.8866772055625916
2093,0.756897509098053
2094,0.8776482343673706
2095,0.7902848720550537
2096,0.8407970666885376
2097,0.8278254270553589
2098,0.8245104551315308
2099,0.7448705434799194
2100,0.7101936340332031
2101,0.8342309594154358
2102,0.7914119958877563
2103,0.8107285499572754
2104,0.7714700102806091
2105,0.7255552411079407
2106,0.6724535822868347
2107,0.48131224513053894
2108,0.7136070728302002
2109,0.7524241209030151
2110,0.7943953275680542
2111,0.627793550491333
2112,0.7181755900382996
2113,0.8132286071777344
2114,0.8432475328445435
2115,0.8486637473106384
2116,0.7595551013946533
2117,0.8147200345993042
2118,0.7385233640670776
2119,0.8370288014411926
2120,0.8314929008483887
2121,0.8697494268417358
2122,0.8750195503234863
2123,0.7361375689506531
2124,0.8387724161148071
2125,0.7535528540611267
2126,0.8339506387710571
2127,0.7991147637367249
2128,0.8398671746253967
2129,0.8361389636993408
2130,0.8174043297767639
2131,0.8022249341011047
2132,0.8002914190292358
2133,0.7870393991470337
2134,0.800900399684906
2135,0.7811964750289917
2136,0.8045052886009216
2137,0.8170346617698669
2138,0.7758451700210571
2139,0.7473456263542175
2140,0.7997080683708191
2141,0.7971917390823364
2142,0.8309280276298523
2143,0.819081723690033
2144,0.8440121412277222
2145,0.737120509147644
2146,0.7957834601402283
2147,0.7980258464813232
2148,0.8411954045295715
2149,0.7856546640396118
2150,0.8260120749473572
2151,0.7627429962158203
2152,0.8292323350906372
2153,0.7781736850738525
2154,0.8518920540809631
2155,0.8529660105705261
2156,0.7755472660064697
2157,0.8234078884124756
2158,0.819210946559906
2159,0.8099939227104187
2160,0.8089662790298462
2161,0.7716989517211914
2162,0.7920140624046326
2163,0.8090423345565796
2164,0.7400598526000977
2165,0.8211390972137451
2166,0.8250569105148315
2167,0.7974693775177002
2168,0.7716989517211914
2169,0.793533444404602
2170,0.7960644364356995
2171,0.7891144156455994
2172,0.8485243916511536
2173,0.8325722217559814
2174,0.8235937356948853
2175,0.8861294388771057
2176,0.8159518241882324
2177,0.8180397748947144
2178,0.8223863244056702
2179,0.8314424157142639
2180,0.8357363939285278
2181,0.8383642435073853
2182,0.7663891315460205
2183,0.8049835562705994
2184,0.8282329440116882
2185,0.8263508081436157
2186,0.664310872554779
2187,0.8881174325942993
2188,0.7819490432739258
2189,0.5330684185028076
2190,0.7874813079833984
2191,0.8050074577331543
2192,0.8431777954101562
2193,0.7364959120750427
2194,0.6449270844459534
2195,0.8766729235649109
2196,0.7905660271644592
2197,0.7768307328224182
2198,0.820706844329834
2199,0.84513258934021
2200,0.7333197593688965
2201,0.7782871723175049
2202,0.8054707646369934
2203,0.7250211834907532
2204,0.7449883222579956
2205,0.7996358871459961
2206,0.7634736895561218
2207,0.7885193824768066
2208,0.8224232792854309
2209,0.7796109318733215
2210,0.6367803812026978
2211,0.7706766128540039
2212,0.8619827032089233
2213,0.8595452904701233
2214,0.8135524988174438
2215,0.8258429765701294
2216,0.746151328086853
2217,0.7939295768737793
2218,0.7936052680015564
2219,0.803692638874054
2220,0.7972700595855713
2221,0.8079559803009033
2222,0.7731711864471436
2223,0.9100268483161926
2224,0.8117332458496094
2225,0.7544969916343689
2226,0.7901585102081299
2227,0.7364814281463623
2228,0.8439343571662903
2229,0.7507455945014954
2230,0.7753570079803467
2231,0.7425768971443176
2232,0.7642989158630371
2233,0.7724440693855286
2234,0.7317295670509338
2235,0.7414135932922363
2236,0.748704195022583
2237,0.5323587656021118
2238,0.752423107624054
2239,0.7655832767486572
2240,0.6933131217956543
2241,0.6208745837211609
2242,0.8217260837554932
2243,0.8393535614013672
2244,0.7440740466117859
2245,0.8163886666297913
2246,0.8608022332191467
2247,0.7763871550559998
2248,0.8333953619003296
2249,0.865317702293396
2250,0.8019044399261475
2251,0.9034355282783508
2252,0.8285387754440308
2253,0.8323597311973572
2254,0.8541491031646729
2255,0.856988787651062
2256,0.8141671419143677
2257,0.8138881325721741
2258,0.8111273646354675
2259,0.8637005090713501
2260,0.858833909034729
2261,0.797958493232727
2262,0.7968797087669373
2263,0.8367730975151062
2264,0.8139716386795044
2265,0.8272383809089661
2266,0.8723950982093811
2267,0.8470338582992554
2268,0.9005402326583862
2269,0.8152355551719666
2270,0.7714012265205383
2271,0.8242997527122498
2272,0.8151753544807434
2273,0.8428552150726318
2274,0.8352044820785522
2275,0.9174514412879944
2276,0.8712048530578613
2277,0.8593213558197021
2278,0.7983729243278503
2279,0.8576882481575012
2280,0.815138041973114
2281,0.8366161584854126
2282,0.8609569072723389
2283,0.8677681088447571
2284,0.8607720136642456
2285,0.7583634257316589
2286,0.7358357310295105
2287,0.8671461343765259
2288,0.8480492234230042
2289,0.8516208529472351
2290,0.7944986820220947
2291,0.7392050623893738
2292,0.8348708748817444
2293,0.6918569803237915
2294,0.7820951342582703
2295,0.6901493668556213
2296,0.8560241460800171
2297,0.8619362711906433
2298,0.7863577008247375
2299,0.8586041927337646
2300,0.8610180020332336
2301,0.742379367351532
2302,0.8547770380973816
2303,0.8017962574958801
2304,0.7382579445838928
2305,0.7870544195175171
2306,0.8045539855957031
2307,0.7917805910110474
2308,0.8458176851272583
2309,0.7971450090408325
2310,0.7992734909057617
2311,0.792332112789154
2312,0.8012384176254272
2313,0.7744180560112
2314,0.8312140703201294
2315,0.8266131281852722
2316,0.789668619632721
2317,0.8319306969642639
2318,0.8748272061347961
2319,0.8019682765007019
2320,0.791447639465332
2321,0.817400336265564
2322,0.7798823714256287
2323,0.8072017431259155
2324,0.7576937079429626
2325,0.7897257208824158
2326,0.7670080661773682
2327,0.8045716285705566
2328,0.7775937914848328
2329,0.8088706731796265
2330,0.8450550436973572
2331,0.8471075892448425
2332,0.741516649723053
2333,0.7946069240570068
2334,0.7760571241378784
2335,0.6642605066299438
2336,0.7269391417503357
2337,0.7821846604347229
2338,0.8024937510490417
2339,0.7801693677902222
2340,0.8317096829414368
2341,0.6291869282722473
2342,0.8505359292030334
2343,0.8387459516525269
2344,0.875862717628479
2345,0.8161695599555969
2346,0.8154740929603577
2347,0.8170135617256165
2348,0.8486399054527283
2349,0.7584986090660095
2350,0.8256849050521851
2351,0.8235165476799011
2352,0.8023088574409485
2353,0.7305431365966797
2354,0.7199940085411072
2355,0.7593507170677185
2356,0.7982360124588013
2357,0.9357788562774658
2358,0.8870051503181458
2359,0.8550471663475037
2360,0.7743752002716064
2361,0.8304846286773682
2362,0.8699731826782227
2363,0.807813286781311
2364,0.845450222492218
2365,0.827957034111023
2366,0.7526211142539978
2367,0.855076789855957
2368,0.8312242031097412
2369,0.7599959969520569
2370,0.8374199867248535
2371,0.8501536250114441
2372,0.7610881924629211
2373,0.8072164058685303
2374,0.823014497756958
2375,0.8656063079833984
2376,0.8894752264022827
2377,0.8067119121551514
2378,0.8093764185905457
2379,0.8630611896514893
2380,0.8444254398345947
2381,0.8378506898880005
2382,0.8330762982368469
2383,0.8510714173316956
2384,0.8305781483650208
2385,0.7869002819061279
2386,0.8795983195304871
2387,0.7767389416694641
2388,0.7831699252128601
2389,0.8244499564170837
2390,0.8042856454849243
2391,0.6842432618141174
2392,0.802839457988739
2393,0.8359796404838562
2394,0.8179804682731628
2395,0.8826100826263428
2396,0.8061771988868713
2397,0.7873907685279846
2398,0.8079963326454163
2399,0.7419751882553101
2400,0.9073648452758789
2401,0.8293136954307556
2402,0.882045328617096
2403,0.8502390384674072
2404,0.8615471720695496
2405,0.8043264746665955
2406,0.8130947351455688
2407,0.8066356182098389
2408,0.7696927189826965
2409,0.8772987127304077
2410,0.8283329606056213
2411,0.8574201464653015
2412,0.821142852306366
2413,0.8671938180923462
2414,0.8861553072929382
2415,0.8154283165931702
2416,0.8045388460159302
2417,0.8249853849411011
2418,0.7696210145950317
2419,0.6692618727684021
2420,0.6693776249885559
2421,0.8345804810523987
2422,0.7202350497245789
2423,0.7702352404594421
2424,0.8363469839096069
2425,0.7907403111457825
2426,0.7326205968856812
2427,0.7707502841949463
2428,0.6700829267501831
2429,0.7067379951477051
2430,0.7421735525131226
2431,0.7075825929641724
2432,0.7670149803161621
2433,0.7808807492256165
2434,0.69825279712677
2435,0.682024359703064
2436,0.7847421169281006
2437,0.9102647304534912
2438,0.8559731841087341
2439,0.8569754958152771
2440,0.9075149893760681
2441,0.9005869030952454
2442,0.8514172434806824
2443,0.8373817801475525
2444,0.8673868179321289
2445,0.7895185947418213
2446,0.8518389463424683
2447,0.8462815284729004
2448,0.7583041191101074
2449,0.8806369304656982
2450,0.909847617149353
2451,0.8116981387138367
2452,0.8388126492500305
2453,0.8391215801239014
2454,0.7749074697494507
2455,0.7835390567779541
2456,0.8216378092765808
2457,0.8594731092453003
2458,0.8231990337371826
2459,0.848013162612915
2460,0.8314514756202698
2461,0.8083630204200745
2462,0.8294767737388611
2463,0.8319883942604065
2464,0.7821236252784729
2465,0.7376551032066345
2466,0.837104082107544
2467,0.8238885998725891
2468,0.6545698642730713
2469,0.7850021719932556
2470,0.8138779401779175
2471,0.7210374474525452
2472,0.7677255868911743
2473,0.7134132385253906
2474,0.8967726230621338
2475,0.8507036566734314
2476,0.886939525604248
2477,0.8424777984619141
2478,0.8051656484603882
2479,0.7750630974769592
2480,0.8362770676612854
2481,0.781390368938446
2482,0.8400312066078186
2483,0.8644284009933472
2484,0.8746030330657959
2485,0.795913577079773
2486,0.839173436164856
2487,0.8204354643821716
2488,0.8449840545654297
2489,0.8445544838905334
2490,0.8268544673919678
2491,0.8298099637031555
2492,0.8461302518844604
2493,0.8703133463859558
2494,0.7985407710075378
2495,0.8071538805961609
2496,0.8858110904693604
2497,0.7807677984237671
2498,0.8854888081550598
2499,0.889454185962677
2500,0.8772778511047363
2501,0.8376983404159546
2502,0.9097962379455566
2503,0.8579239249229431
2504,0.8266991972923279
2505,0.8429192304611206
2506,0.7927140593528748
2507,0.7522910833358765
2508,0.7836242914199829
2509,0.8052874803543091
2510,0.6803561449050903
2511,0.7717199325561523
2512,0.7686060667037964
2513,0.8183220028877258
2514,0.7759078741073608
2515,0.8075954914093018
2516,0.6466656923294067
2517,0.7810354828834534
2518,0.8604052066802979
2519,0.7378653883934021
2520,0.8133462071418762
2521,0.8986343741416931
2522,0.7879783511161804
2523,0.8048932552337646
2524,0.824947714805603
2525,0.825445294380188
2526,0.8531326651573181
2527,0.8822624683380127
2528,0.8447014093399048
2529,0.7044360637664795
2530,0.8448244333267212
2531,0.8718718886375427
2532,0.8558271527290344
2533,0.8542191982269287
2534,0.8699712753295898
2535,0.8897512555122375
2536,0.8896227478981018
2537,0.8757380843162537
2538,0.9083709716796875
2539,0.866849422454834
2540,0.8577865958213806
2541,0.8473671078681946
2542,0.8486074209213257
2543,0.8543922901153564
2544,0.8701199889183044
2545,0.835722029209137
2546,0.8347174525260925
2547,0.8692362904548645
2548,0.7873511910438538
2549,0.8420791029930115
2550,0.8072145581245422
2551,0.7441542148590088
2552,0.8277698159217834
2553,0.7493418455123901
2554,0.7549924850463867
2555,0.8107771873474121
2556,0.7240546345710754
2557,0.7760112881660461
2558,0.7411450147628784
2559,0.7338016629219055
2560,0.8366067409515381
2561,0.7675976157188416
2562,0.8082723617553711
2563,0.8013075590133667
2564,0.7115684151649475
2565,0.8836873769760132
2566,0.8802688717842102
2567,0.7724407315254211
2568,0.5802373886108398
2569,0.7542375922203064
2570,0.7273416519165039
2571,0.824316680431366
2572,0.825206995010376
2573,0.8331476449966431
2574,0.8292548060417175
2575,0.783555269241333
2576,0.796652615070343
2577,0.8071476817131042
2578,0.8352426886558533
2579,0.85015869140625
2580,0.7462479472160339
2581,0.8528520464897156
2582,0.8966792821884155
2583,0.8815822005271912
2584,0.8651313185691833
2585,0.7986083030700684
2586,0.8571736216545105
2587,0.9062178134918213
2588,0.8160966634750366
2589,0.8390200734138489
2590,0.7393864393234253
2591,0.8776463270187378
2592,0.8521604537963867
2593,0.8389878273010254
2594,0.865810215473175
2595,0.8458318710327148
2596,0.8823841214179993
2597,0.8407705426216125
2598,0.79156494140625
2599,0.9009425640106201
2600,0.8182858824729919
2601,0.8726527094841003
2602,0.8657894134521484
2603,0.7769277095794678
2604,0.8605647087097168
2605,0.8150712847709656
2606,0.8288874626159668
2607,0.7571527361869812
2608,0.7704078555107117
2609,0.8084347248077393
2610,0.760957658290863
2611,0.7943875789642334
2612,0.6810855865478516
2613,0.48468607664108276
2614,0.7315927743911743
2615,0.5081364512443542
2616,0.739015519618988
2617,0.7420282959938049
2618,0.6731208562850952
2619,0.8063002228736877
2620,0.786909818649292
2621,0.7988464832305908
2622,0.7869792580604553
2623,0.8642645478248596
2624,0.8185918927192688
2625,0.8466309309005737
2626,0.9021754264831543
2627,0.7695979475975037
2628,0.8931344747543335
2629,0.8673627972602844
2630,0.8830652832984924
2631,0.883474588394165
2632,0.8246365785598755
2633,0.8285773992538452
2634,0.8463442921638489
2635,0.9135051965713501
2636,0.9034978151321411
2637,0.9485841989517212
2638,0.8469194173812866
2639,0.8636210560798645
2640,0.8001636266708374
2641,0.8608155846595764
2642,0.843241274356842
2643,0.8922812342643738
2644,0.8371734023094177
2645,0.8496426343917847
2646,0.8057683706283569
2647,0.7558999061584473
2648,0.7966394424438477
2649,0.8954845070838928
2650,0.6268941760063171
2651,0.7868869304656982
2652,0.8399669528007507
2653,0.8176353573799133
2654,0.801930844783783
2655,0.7785158157348633
2656,0.8568463325500488
2657,0.6527912616729736
2658,0.8100605010986328
2659,0.7696088552474976
2660,0.7197898030281067
2661,0.8699432015419006
2662,0.7404205203056335
2663,0.8424466252326965
2664,0.7559639811515808
2665,0.8083041310310364
2666,0.8446778059005737
2667,0.8237791657447815
2668,0.8404277563095093
2669,0.6569852828979492
2670,0.7391039729118347
2671,0.8293696045875549
2672,0.8011918663978577
2673,0.7519170641899109
2674,0.803244411945343
2675,0.8004489541053772
2676,0.8109726905822754
2677,0.8773297667503357
2678,0.870663046836853
2679,0.8472895622253418
2680,0.7959948182106018
2681,0.8479337096214294
2682,0.8124614953994751
2683,0.8418448567390442
2684,0.8246759176254272
2685,0.8580712676048279
2686,0.7890304327011108
2687,0.8352771997451782
2688,0.7474520206451416
2689,0.7312297224998474
2690,0.7808446884155273
2691,0.7692620754241943
2692,0.7758587598800659
2693,0.8531829118728638
2694,0.8235272765159607
2695,0.8200710415840149
2696,0.9207055568695068
2697,0.8376488089561462
2698,0.621006190776825
2699,0.7900683283805847
2700,0.9012037515640259
2701,0.7361011505126953
2702,0.7950804233551025
2703,0.7462648749351501
2704,0.8405494689941406
2705,0.78231281042099
2706,0.717631995677948
2707,0.6497165560722351
2708,0.5405034422874451
2709,0.9273294806480408
2710,0.9088258147239685
2711,0.7624255418777466
2712,0.8824666142463684
2713,0.8141030669212341
2714,0.8836032748222351
2715,0.854435384273529
2716,0.7820997834205627
2717,0.7976476550102234
2718,0.8332371115684509
2719,0.834073007106781
2720,0.7916997671127319
2721,0.9130285978317261
2722,0.7993329167366028
2723,0.7868544459342957
2724,0.6692532300949097
2725,0.7469168305397034
2726,0.8717778325080872
2727,0.7362957000732422
2728,0.8597730398178101
2729,0.838269829750061
2730,0.8380078077316284
2731,0.8650453090667725
2732,0.8103101849555969
2733,0.8603304028511047
2734,0.7851070761680603
2735,0.7685370445251465
2736,0.6220957040786743
2737,0.736520528793335
2738,0.8840494155883789
2739,0.8743224143981934
2740,0.5584121942520142
2741,0.9313563704490662
2742,0.8475637435913086
2743,0.8543187975883484
2744,0.8232386708259583
2745,0.9145789742469788
2746,0.8704596757888794
2747,0.8416434526443481
2748,0.8267989158630371
2749,0.8748763203620911
2750,0.863869309425354
2751,0.8220400810241699
2752,0.8483356237411499
2753,0.8371064066886902
2754,0.8973522782325745
2755,0.9121577143669128
2756,0.8556875586509705
2757,0.9003214836120605
2758,0.8612232804298401
2759,0.8614064455032349
2760,0.8983032703399658
2761,0.6077767014503479
2762,0.8813089728355408
2763,0.3055330812931061
2764,0.6520328521728516
2765,0.7753850221633911
2766,0.8252106308937073
2767,0.8404659628868103
2768,0.684812068939209
2769,0.8495854139328003
2770,0.7885290384292603
2771,0.8718377947807312
2772,0.8011321425437927
2773,0.9160057902336121
2774,0.9110345840454102
2775,0.6112679243087769
2776,0.9195801019668579
2777,0.6486742496490479
2778,0.605404257774353
2779,0.7118538618087769
2780,0.8364698886871338
2781,0.905839741230011
2782,0.9127329587936401
2783,0.8645418882369995
2784,0.8936411142349243
2785,0.8649173378944397
2786,0.854119062423706
2787,0.839952826499939
2788,0.8693217635154724
2789,0.8483961820602417
2790,0.9008671641349792
2791,0.9053347706794739
2792,0.8124628663063049
2793,0.8751032948493958
2794,0.6474475264549255
2795,0.8278777599334717
2796,0.8179861307144165
2797,0.8485202193260193
2798,0.8305552005767822
2799,0.7052900791168213
2800,0.5906247496604919
2801,0.7259295582771301
2802,0.8308878540992737
2803,0.7633997797966003
2804,0.8381720185279846
2805,0.8354409337043762
2806,0.7894263863563538
2807,0.8312191963195801
2808,0.6988186836242676
2809,0.8526079654693604
2810,0.8405793905258179
2811,0.8443323373794556
2812,0.7939467430114746
2813,0.81734299659729
2814,0.8368934392929077
2815,0.6813895106315613
2816,0.6767495274543762
2817,0.8550793528556824
2818,0.7961450219154358
2819,0.9354820847511292
2820,0.5210097432136536
2821,0.7305901050567627
2822,0.8478189706802368
2823,0.7653663754463196
2824,0.6582960486412048
2825,0.8817799091339111
2826,0.8063903450965881
2827,0.5954000949859619
2828,0.573967695236206
2829,0.7338115572929382
2830,0.84844970703125
2831,0.8339250683784485
2832,0.8532524108886719
2833,0.7981734275817871
2834,0.7933608293533325
2835,0.6414813995361328
2836,0.850046694278717
2837,0.7977637052536011
2838,0.8031684160232544
2839,0.822482168674469
2840,0.8482692241668701
2841,0.8162730932235718
2842,0.6784741282463074
2843,0.604576826095581
2844,0.8344740271568298
2845,0.7978014945983887
2846,0.8319405913352966
2847,0.8766023516654968
2848,0.6732972264289856
2849,0.8786957263946533
2850,0.6758080124855042
2851,0.8629311323165894
2852,0.8573552370071411
2853,0.8782512545585632
2854,0.866628885269165
2855,0.9236639738082886
2856,0.8606611490249634
2857,0.837390124797821
2858,0.865781307220459
2859,0.8292495608329773
2860,0.8615508675575256
2861,0.8725820183753967
2862,0.86957848072052
2863,0.8872433304786682
2864,0.8875732421875
2865,0.8461666107177734
2866,0.8413442969322205
2867,0.6870337724685669
2868,0.8106790781021118
2869,0.8276269435882568
2870,0.8841357827186584
2871,0.8473684191703796
2872,0.8849044442176819
2873,0.8206574320793152
2874,0.720832884311676
2875,0.8169742226600647
2876,0.8164435625076294
2877,0.8031144142150879
2878,0.8613468408584595
2879,0.885076642036438
2880,0.852226972579956
2881,0.8447860479354858
2882,0.8478209972381592
2883,0.8154515624046326
2884,0.843672513961792
2885,0.8169548511505127
2886,0.8374673128128052
2887,0.816381573677063
2888,0.7886360287666321
2889,0.8661455512046814
2890,0.752606987953186
2891,0.7402300834655762
2892,0.8948193192481995
2893,0.8386070728302002
2894,0.8437710404396057
2895,0.8127532601356506
2896,0.6254212856292725
2897,0.8407716751098633
2898,0.8525684475898743
2899,0.8026142716407776
2900,0.8110778331756592
2901,0.8248079419136047
2902,0.8391563296318054
2903,0.8123599290847778
2904,0.7890163064002991
2905,0.8038977384567261
2906,0.890032172203064
2907,0.7438661456108093
2908,0.9764830470085144
2909,0.8625155091285706
2910,0.8661388158798218
2911,0.828559935092926
2912,0.6714925169944763
2913,0.8186985850334167
2914,0.7348471283912659
2915,0.7276569604873657
2916,0.866705596446991
2917,0.822991132736206
2918,0.8419632315635681
2919,0.8508177399635315
2920,0.8295382857322693
2921,0.7693981528282166
2922,0.8379163146018982
2923,0.7003669738769531
2924,0.827489972114563
2925,0.8660566210746765
2926,0.8942487239837646
2927,0.8017540574073792
2928,0.8316799402236938
2929,0.8371515274047852
2930,0.8585999011993408
2931,0.8213310837745667
2932,0.6162167191505432
2933,0.8260271549224854
2934,0.8589462637901306
2935,0.8356250524520874
2936,0.8504448533058167
2937,0.8561439514160156
2938,0.8343632221221924
2939,0.8596733808517456
2940,0.8677800893783569
2941,0.8179315328598022
2942,0.7808566093444824
2943,0.9186016917228699
2944,0.8801624774932861
2945,0.8442211747169495
2946,0.7016363739967346
2947,0.8734316229820251
2948,0.6607156991958618
2949,0.7649580836296082
2950,0.7419318556785583
2951,0.8765829205513
2952,0.8737416863441467
2953,0.7838206887245178
2954,0.8099791407585144
2955,0.7727418541908264
2956,0.8640870451927185
2957,0.8461313247680664
2958,0.8817960023880005
2959,0.8451330661773682
2960,0.8713969588279724
2961,0.8327981233596802
2962,0.7799440622329712
2963,0.9115234613418579
2964,0.7836670279502869
2965,0.8255873322486877
2966,0.8746299147605896
2967,0.6328024864196777
2968,0.8362239599227905
2969,0.8571344614028931
2970,0.8371511697769165
2971,0.7789033055305481
2972,0.816546618938446
2973,0.8616780042648315
2974,0.8358886241912842
2975,0.8659496307373047
2976,0.8829173445701599
2977,0.8687099814414978
2978,0.9047974944114685
2979,0.7870425581932068
2980,0.7937679290771484
2981,0.8343868255615234
2982,0.8160633444786072
2983,0.8203752040863037
2984,0.8535783886909485
2985,0.8004240989685059
2986,0.8407365083694458
2987,0.8266083598136902
2988,0.8672240972518921
2989,0.6163075566291809
2990,0.7308627367019653
2991,0.6925790309906006
2992,0.7918224930763245
2993,0.8705486059188843
2994,0.8656249046325684
2995,0.8357990384101868
2996,0.8453343510627747
2997,0.7140645384788513
2998,0.8572341799736023
2999,0.8400529623031616
3000,0.8388524055480957
3001,0.8249974250793457
3002,0.8428313136100769
3003,0.6919707655906677
3004,0.8585354685783386
3005,0.8853400349617004
3006,0.8601841926574707
3007,0.7645788788795471
3008,0.8296504616737366
3009,0.7700648307800293
3010,0.812454104423523
3011,0.7988482713699341
3012,0.8573374152183533
3013,0.633042573928833
3014,0.8278146982192993
3015,0.9092629551887512
3016,0.906279444694519
3017,0.8342396020889282
3018,0.7191713452339172
3019,0.8439255356788635
3020,0.8730124235153198
3021,0.8247947692871094
3022,0.59422767162323
3023,0.7894490957260132
3024,0.7197112441062927
3025,0.5328342318534851
3026,0.836391270160675
3027,0.8824073076248169
3028,0.6742062568664551
3029,0.6573739647865295
3030,0.8033155202865601
3031,0.8383297920227051
3032,0.7306517958641052
3033,0.6148951053619385
3034,0.8071125149726868
3035,0.5944421887397766
3036,0.6146830916404724
3037,0.6944661736488342
3038,0.5942093729972839
3039,0.9051398634910583
3040,0.8225353956222534
3041,0.8314527869224548
3042,0.7822063565254211
3043,0.6023468375205994
3044,0.8145512342453003
3045,0.7904672622680664
3046,0.7846810221672058
3047,0.8030834197998047
3048,0.7181329131126404
3049,0.827233612537384
3050,0.717982292175293
3051,0.7683215141296387
3052,0.7781654596328735
3053,0.7472497820854187
3054,0.8105894327163696
3055,0.7692171931266785
3056,0.7824115753173828
3057,0.7691493630409241
3058,0.8354756832122803
3059,0.596087634563446
3060,0.8929186463356018
3061,0.8910442590713501
3062,0.7387987375259399
3063,0.9246916770935059
3064,0.8451698422431946
3065,0.868424117565155
3066,0.7991216778755188
3067,0.8147952556610107
3068,0.7812130451202393
3069,0.8518227338790894
3070,0.9125657081604004
3071,0.8434898853302002
3072,0.8589637279510498
3073,0.7906304597854614
3074,0.9341252446174622
3075,0.8292714357376099
3076,0.8190083503723145
3077,0.8786311149597168
3078,0.8283722996711731
3079,0.8376057147979736
3080,0.7825274467468262
3081,0.791930079460144
3082,0.7754302024841309
3083,0.8909935355186462
3084,0.8379577398300171
3085,0.8326328992843628
3086,0.8532695770263672
3087,0.8502876162528992
3088,0.8020432591438293
3089,0.785563051700592
3090,0.8058388829231262
3091,0.9033318161964417
3092,0.8041592240333557
3093,0.7886768579483032
3094,0.8490721583366394
3095,0.7789009213447571
3096,0.8455037474632263
3097,0.7245871424674988
3098,0.7300863862037659
3099,0.8077491521835327
3100,0.8785322308540344
3101,0.8409112095832825
3102,0.7860732674598694
3103,0.8391876816749573
3104,0.8451544642448425
3105,0.8909704685211182
3106,0.6810553669929504
3107,0.8381210565567017
3108,0.8619710803031921
3109,0.8834600448608398
3110,0.7787323594093323
3111,0.843764066696167
3112,0.675271213054657
3113,0.8158307671546936
3114,0.8786659240722656
3115,0.8291757702827454
3116,0.7492660284042358
3117,0.8710446357727051
3118,0.8323447704315186
3119,0.8499010801315308
3120,0.8966944813728333
3121,0.9214692115783691
3122,0.8732895851135254
3123,0.8854438066482544
3124,0.8035519123077393
3125,0.8303695917129517
3126,0.824525773525238
3127,0.7764551639556885
3128,0.6950793862342834
3129,0.5977006554603577
3130,0.876045823097229
3131,0.8503843545913696
3132,0.8916243314743042
3133,0.8309125304222107
3134,0.8559736013412476
3135,0.7841203808784485
3136,0.8078405261039734
3137,0.835436999797821
3138,0.8126280903816223
3139,0.833439290523529
3140,0.8260477781295776
3141,0.8508663773536682
3142,0.8408958315849304
3143,0.846722424030304
3144,0.7883535623550415
3145,0.8494549989700317
3146,0.7416214346885681
3147,0.7941353917121887
3148,0.6432426571846008
3149,0.7879536747932434
3150,0.9027294516563416
3151,0.8067359328269958
3152,0.9007466435432434
3153,0.7999999523162842
3154,0.794804036617279
3155,0.8179735541343689
3156,0.6646552681922913
3157,0.8486530780792236
3158,0.8340883851051331
3159,0.9101744294166565
3160,0.7106909155845642
3161,0.8679336905479431
3162,0.635007917881012
3163,0.7973153591156006
3164,0.7947190403938293
3165,0.8739214539527893
3166,0.824269711971283
3167,0.7434826493263245
3168,0.5751023292541504
3169,0.7866346836090088
3170,0.8483476042747498
3171,0.8849762678146362
3172,0.7645713686943054
3173,0.8548957705497742
3174,0.847874104976654
3175,0.8336511254310608
3176,0.6693909764289856
3177,0.855076014995575
3178,0.8370398283004761
3179,0.8784645795822144
3180,0.8442897796630859
3181,0.8741605281829834
3182,0.8636402487754822
3183,0.9016064405441284
3184,0.8657463788986206
3185,0.8657206892967224
3186,0.8674408793449402
3187,0.8113887906074524
3188,0.9062747955322266
3189,0.8441950678825378
3190,0.8623620867729187
3191,0.8584334254264832
3192,0.7243534922599792
3193,0.6558576822280884
3194,0.5217943787574768
3195,0.799590528011322
3196,0.8847861886024475
3197,0.850647509098053
3198,0.6403527855873108
3199,0.8947646617889404
3200,0.7904900908470154
3201,0.8964112997055054
3202,0.7907846570014954
3203,0.8123912811279297
3204,0.7640385627746582
3205,0.7425651550292969
3206,0.8874629139900208
3207,0.822866678237915
3208,0.5541695356369019
3209,0.8724115490913391
3210,0.806604266166687
3211,0.8271126747131348
3212,0.8067678809165955
3213,0.7366278171539307
3214,0.8630433082580566
3215,0.8904545307159424
3216,0.6637565493583679
3217,0.7663421034812927
3218,0.7649255990982056
3219,0.872384786605835
3220,0.7221875786781311
3221,0.8699643611907959
3222,0.776161253452301
3223,0.8200160264968872
3224,0.8130923509597778
3225,0.81906658411026
3226,0.9170198440551758
3227,0.7789369821548462
3228,0.8447831869125366
3229,0.7859743237495422
3230,0.8426120281219482
3231,0.7545665502548218
3232,0.8352972269058228
3233,0.7997118234634399
3234,0.8165134191513062
3235,0.7754319906234741
3236,0.719653308391571
3237,0.7568765878677368
3238,0.6856083869934082
3239,0.7744095921516418
3240,0.7916545867919922
3241,0.7849517464637756
3242,0.8456315398216248
3243,0.7952702045440674
3244,0.8263764381408691
3245,0.8278343081474304
3246,0.7592746615409851
3247,0.7325155138969421
3248,0.8352987170219421
3249,0.759121298789978
3250,0.7721391916275024
3251,0.8524337410926819
3252,0.8466953039169312
3253,0.8362373113632202
3254,0.8522122502326965
3255,0.8407424092292786
3256,0.7648014426231384
3257,0.8181582689285278
3258,0.850633978843689
3259,0.8841716051101685
3260,0.8915064334869385
3261,0.8790693879127502
3262,0.803185760974884
3263,0.8145012259483337
3264,0.8274533748626709
3265,0.9010376334190369
3266,0.8265038132667542
3267,0.8910709023475647
3268,0.8802400827407837
3269,0.8898451924324036
3270,0.8599134087562561
3271,0.8448374271392822
3272,0.8521591424942017
3273,0.8802141547203064
3274,0.8215125203132629
3275,0.8826157450675964
3276,0.6466813683509827
3277,0.8154294490814209
3278,0.8468759059906006
3279,0.8432405591011047
3280,0.8313931822776794
3281,0.8707478046417236
3282,0.810305655002594
3283,0.8150333762168884
3284,0.6405095458030701
3285,0.5768884420394897
3286,0.7586052417755127
3287,0.8406896591186523
3288,0.681481122970581
3289,0.8111630082130432
3290,0.8120188117027283
3291,0.8419633507728577
3292,0.7191239595413208
3293,0.8298984169960022
3294,0.7822697162628174
3295,0.7977652549743652
3296,0.800481915473938
3297,0.8205227255821228
3298,0.869731605052948
3299,0.8826853036880493
3300,0.8001382350921631
3301,0.818017840385437
3302,0.8407147526741028
3303,0.8503208160400391
3304,0.8635987043380737
3305,0.7763450741767883
3306,0.8259222507476807
3307,0.7073488831520081
3308,0.6899629831314087
3309,0.7935560941696167
3310,0.8106038570404053
3311,0.6157743334770203
3312,0.8009796738624573
3313,0.7430933117866516
3314,0.8666672110557556
3315,0.8682451844215393
3316,0.902617335319519
3317,0.8622030019760132
3318,0.5569075345993042
3319,0.8588801622390747
3320,0.4496014416217804
3321,0.7809945940971375
3322,0.8403914570808411
3323,0.8816847205162048
3324,0.8002883791923523
3325,0.8414398431777954
3326,0.8510977029800415
3327,0.8790619969367981
3328,0.8914340734481812
3329,0.8391000032424927
3330,0.8692499399185181
3331,0.8795666694641113
3332,0.8565548062324524
3333,0.8798240423202515
3334,0.8714945316314697
3335,0.9019988775253296
3336,0.7804604768753052
3337,0.4928287863731384
3338,0.8475038409233093
3339,0.7654761672019958
3340,0.7134856581687927
3341,0.8242011070251465
3342,0.8513668775558472
3343,0.7046114206314087
3344,0.8735117316246033
3345,0.806905210018158
3346,0.7586175799369812
3347,0.7904447913169861
3348,0.7728198170661926
3349,0.8267234563827515
3350,0.8332555890083313
3351,0.8886386156082153
3352,0.6162480711936951
3353,0.8542706966400146
3354,0.8610249161720276
3355,0.809688150882721
3356,0.8143582344055176
3357,0.8341805338859558
3358,0.8062154054641724
3359,0.7566181421279907
3360,0.8792091608047485
3361,0.6470181941986084
3362,0.8904109597206116
3363,0.8671943545341492
3364,0.8621937036514282
3365,0.6909428238868713
3366,0.8163202404975891
3367,0.8366544246673584
3368,0.8947703838348389
3369,0.8921200037002563
3370,0.8219078779220581
3371,0.8949079513549805
3372,0.8997349143028259
3373,0.7588833570480347
3374,0.8350049257278442
3375,0.8481305837631226
3376,0.6413269639015198
3377,0.852942168712616
3378,0.907624363899231
3379,0.8983853459358215
3380,0.8226475119590759
3381,0.8182757496833801
3382,0.8269644379615784
3383,0.8621551394462585
3384,0.8368709087371826
3385,0.44634002447128296
3386,0.9108389019966125
3387,0.735152006149292
3388,0.8917576670646667
3389,0.8577005863189697
3390,0.8441126942634583
3391,0.7552869915962219
3392,0.8919253349304199
3393,0.8937078714370728
3394,0.8404540419578552
3395,0.9132658243179321
3396,0.8869153261184692
3397,0.7920739650726318
3398,0.8774495124816895
3399,0.8790437579154968
3400,0.8220537900924683
3401,0.8414555191993713
3402,0.8425785303115845
3403,0.8084501028060913
3404,0.9065237641334534
3405,0.891044020652771
3406,0.8658571243286133
3407,0.8062230944633484
3408,0.8286439180374146
3409,0.8958744406700134
3410,0.8765410780906677
3411,0.8692954182624817
3412,0.8314778208732605
3413,0.8978093266487122
3414,0.8709316849708557
3415,0.8718855977058411
3416,0.8483352661132812
3417,0.8830416798591614
3418,0.8751490712165833
3419,0.8155419230461121
3420,0.9057742357254028
3421,0.8488433361053467
3422,0.8994684815406799
3423,0.8512733578681946
3424,0.8465979099273682
3425,0.9035016298294067
3426,0.8064632415771484
3427,0.6142488718032837
3428,0.863867461681366
3429,0.7996039986610413
3430,0.8508827090263367
3431,0.7261927127838135
3432,0.8252655267715454
3433,0.8812918066978455
3434,0.8844901919364929
3435,0.8461868166923523
3436,0.7932837009429932
3437,0.7808775305747986
3438,0.8748121857643127
3439,0.6796980500221252
3440,0.812066376209259
3441,0.7878987789154053
3442,0.8360677361488342
3443,0.8459169268608093
3444,0.7794698476791382
3445,0.8613900542259216
3446,0.6955979466438293
3447,0.7441092133522034
3448,0.6276718378067017
3449,0.6802449822425842
3450,0.6867276430130005
3451,0.8050576448440552
3452,0.8309060335159302
3453,0.7594466209411621
3454,0.8303200006484985
3455,0.780886173248291
3456,0.7432661056518555
3457,0.7877644896507263
3458,0.8337494730949402
3459,0.730079710483551
3460,0.8365249633789062
3461,0.8620097041130066
3462,0.7814800143241882
3463,0.8082510828971863
3464,0.8623656034469604
3465,0.8230347037315369
3466,0.8645506501197815
3467,0.79298335313797
3468,0.6602185368537903
3469,0.8821986317634583
3470,0.8283874988555908
3471,0.7475765347480774
3472,0.7067824006080627
3473,0.7953175902366638
3474,0.6578258275985718
3475,0.8709287643432617
3476,0.8214046955108643
3477,0.5686302185058594
3478,0.6817049384117126
3479,0.5759406685829163
3480,0.7538493275642395
3481,0.8523572683334351
3482,0.7213156223297119
3483,0.5756933689117432
3484,0.8419429659843445
3485,0.8539389967918396
3486,0.7045250535011292
3487,0.8005051612854004
3488,0.8269095420837402
3489,0.557691216468811
3490,0.8314539790153503
3491,0.7896504998207092
3492,0.8693552613258362
3493,0.743922233581543
3494,0.8133963942527771
3495,0.786695659160614
3496,0.6452764868736267
3497,0.8643237948417664
3498,0.7522857189178467
3499,0.8668658137321472
3500,0.8153494000434875
3501,0.6555214524269104
3502,0.7707469463348389
3503,0.6224825978279114
3504,0.756860077381134
3505,0.702884316444397
3506,0.832024335861206
3507,0.8981528282165527
3508,0.8344117999076843
3509,0.7791404128074646
3510,0.8448805212974548
3511,0.7828787565231323
3512,0.6238934993743896
3513,0.8614038228988647
3514,0.8846361041069031
3515,0.8231579661369324
3516,0.8731881380081177
3517,0.7725424766540527
3518,0.8539999723434448
3519,0.8184756636619568
3520,0.7857840657234192
3521,0.7478446364402771
3522,0.7647587656974792
3523,0.8905847668647766
3524,0.8414288759231567
3525,0.7328876256942749
3526,0.744336724281311
3527,0.6684012413024902
3528,0.8544691205024719
3529,0.7662566304206848
3530,0.7659701108932495
3531,0.828532874584198
3532,0.8175334930419922
3533,0.8089333176612854
3534,0.8925002813339233
3535,0.7793630957603455
3536,0.7208120822906494
3537,0.7122487425804138
3538,0.8709818124771118
3539,0.8809208869934082
3540,0.8172141909599304
3541,0.8773853778839111
3542,0.9171785712242126
3543,0.8750112056732178
3544,0.7704014778137207
3545,0.8479760885238647
3546,0.9303987622261047
3547,0.8948463797569275
3548,0.8756824135780334
3549,0.8496277332305908
3550,0.838336169719696
3551,0.8460240364074707
3552,0.6878483891487122
3553,0.9129467606544495
3554,0.6546856164932251
3555,0.8166486620903015
3556,0.9004709124565125
3557,0.8631357550621033
3558,0.5974752306938171
3559,0.7100479602813721
3560,0.8278428316116333
3561,0.8846219182014465
3562,0.849439263343811
3563,0.893798828125
3564,0.8492888808250427
3565,0.8041216135025024
3566,0.8091731667518616
3567,0.8650201559066772
3568,0.8103201985359192
3569,0.8650951981544495
3570,0.797442615032196
3571,0.5869230031967163
3572,0.796744167804718
3573,0.8305200934410095
3574,0.7803301811218262
3575,0.6275236010551453
3576,0.8277820944786072
3577,0.8064781427383423
3578,0.7011237144470215
3579,0.8598073124885559
3580,0.7349976301193237
3581,0.7657241225242615
3582,0.7918210029602051
3583,0.7376378774642944
3584,0.682204008102417
3585,0.5881980061531067
3586,0.8575106859207153
3587,0.6291109323501587
3588,0.5664777755737305
3589,0.8929029703140259
3590,0.8605136275291443
3591,0.8777711391448975
3592,0.8824154734611511
3593,0.7148929238319397
3594,0.8442246913909912
3595,0.83132404088974
3596,0.8443717956542969
3597,0.667625367641449
3598,0.7978852391242981
3599,0.8365442156791687
3600,0.7111842036247253
3601,0.7587295770645142
3602,0.6982383131980896
3603,0.8795643448829651
3604,0.6422366499900818
3605,0.566606879234314
3606,0.7472430467605591
3607,0.7958641052246094
3608,0.7708953619003296
3609,0.8060315251350403
3610,0.8747314810752869
3611,0.8652889132499695
3612,0.825308084487915
3613,0.7359011769294739
3614,0.8100972175598145
3615,0.9078453183174133
3616,0.8750553131103516
3617,0.8833914995193481
3618,0.7745022177696228
3619,0.8682519793510437
3620,0.7868661284446716
3621,0.8253874778747559
3622,0.8443127274513245
3623,0.7871068716049194
3624,0.7843856811523438
3625,0.8407397866249084
3626,0.8542779088020325
3627,0.4988347589969635
3628,0.6449305415153503
3629,0.8562352657318115
3630,0.822263240814209
3631,0.8277629017829895
3632,0.8732878565788269
3633,0.8591803312301636
3634,0.8547461032867432
3635,0.7897028923034668
3636,0.8101069331169128
3637,0.8446269035339355
3638,0.8776694536209106
3639,0.8254647254943848
3640,0.7636213302612305
3641,0.6710058450698853
3642,0.7749785780906677
