id,bleurt_score
101,0.8221178650856018
102,0.9278991222381592
103,0.7560667395591736
105,0.8146852254867554
107,0.8012742400169373
109,0.6176854372024536
1011,0.7820138335227966
1012,0.7863133549690247
1014,0.8502575159072876
1016,0.79854816198349
1018,0.872523844242096
1020,0.7732816338539124
1022,0.8662021160125732
1023,0.7962518334388733
1025,0.843294084072113
1027,0.9005530476570129
1028,0.9194185137748718
1029,0.82136470079422
1030,0.6578153967857361
1032,0.7757391333580017
1033,0.794504702091217
1035,0.8590601086616516
1037,0.7980233430862427
1039,0.8375480771064758
1041,0.8157930970191956
1042,0.9188429713249207
1044,0.906225860118866
1045,0.7180811762809753
1047,0.8342698216438293
1049,0.7401366233825684
1050,0.8553568124771118
1052,0.8648039698600769
1053,0.8544922471046448
1055,0.6522577404975891
1057,0.930607259273529
1058,0.7471134066581726
1060,0.7962396740913391
1061,0.8879780769348145
1062,0.8847272992134094
1064,0.6094160676002502
1066,0.7447823882102966
1068,0.8068935871124268
1070,0.7667691707611084
1072,0.8833543062210083
1074,0.6196315288543701
1076,0.8121345043182373
1078,0.8448508381843567
1079,0.774780809879303
1081,0.8973942399024963
1082,0.8199082016944885
1083,0.9060288071632385
1084,0.8284439444541931
1085,0.8800532221794128
1086,0.7028895020484924
1088,0.8948214054107666
1090,0.8605895042419434
1091,0.7436601519584656
1092,0.8206923604011536
1094,0.8525983691215515
1096,0.802344024181366
1098,0.7306236028671265
10100,0.7085008025169373
10102,0.7395637631416321
10104,0.7709502577781677
10106,0.8450562357902527
10108,0.6974602341651917
10110,0.8028758764266968
10112,0.7390796542167664
10114,0.7727850675582886
10116,0.8818690180778503
10118,0.8717866539955139
10120,0.8348972201347351
10122,0.9034482836723328
10124,0.8550990223884583
10126,0.8731086254119873
10128,0.8638109564781189
10130,0.8848623633384705
10132,0.8668606877326965
10134,0.8458630442619324
10136,0.8679646253585815
10138,0.9299922585487366
10140,0.8645058870315552
10142,0.830426037311554
10144,0.8434736132621765
10146,0.8394573926925659
10148,0.8178856372833252
10150,0.8166463971138
10152,0.8694270253181458
10153,0.7696725726127625
10154,0.8055047392845154
10155,0.9007661938667297
10156,0.7900077104568481
10157,0.7209882736206055
10158,0.8825507760047913
10159,0.913594663143158
10160,0.8997787237167358
10161,0.8825679421424866
10162,0.875735342502594
10163,0.8823202848434448
10164,0.89419025182724
10165,0.85316002368927
10166,0.8764411807060242
10167,0.8130138516426086
10168,0.8230851888656616
10169,0.8527752757072449
10170,0.8845007419586182
10171,0.8714022040367126
10172,0.9001657366752625
10173,0.8793328404426575
10174,0.901554524898529
10175,0.9265893697738647
10176,0.874966561794281
10177,0.9120873808860779
10178,0.8959935307502747
10179,0.8804046511650085
10180,0.8820230960845947
10181,0.8936755061149597
10182,0.7948676943778992
10184,0.7244083881378174
10186,0.7983238101005554
10188,0.7441827058792114
10190,0.7966963648796082
10192,0.7907574772834778
10194,0.8652920126914978
10196,0.7359054088592529
10198,0.8465871214866638
10200,0.8915284276008606
10202,0.8951786756515503
10204,0.8869942426681519
10206,0.8255231976509094
10208,0.7407094836235046
10210,0.8047837018966675
10212,0.7412229776382446
10214,0.7613064050674438
10216,0.7386264801025391
10218,0.6566202640533447
10220,0.7655436396598816
10222,0.688152015209198
10224,0.863309383392334
10225,0.8695061802864075
10226,0.8693625330924988
10227,0.8337306380271912
10228,0.8187666535377502
10229,0.800678551197052
10230,0.8555527925491333
10231,0.7539172768592834
10232,0.8179992437362671
10233,0.7484263181686401
10234,0.8515666127204895
10235,0.8538066744804382
10236,0.8416147232055664
10237,0.8996179699897766
10238,0.6275999546051025
10240,0.7223515510559082
10242,0.7945435047149658
10244,0.7578824758529663
10246,0.777391254901886
10248,0.7650021910667419
10250,0.7495365142822266
10252,0.7966675162315369
10254,0.5577793717384338
10256,0.6744839549064636
10258,0.6729381680488586
10260,0.8749435544013977
10262,0.7874360084533691
10264,0.8561292290687561
10266,0.8081487417221069
10268,0.7676863074302673
10270,0.6494989395141602
10272,0.8690401911735535
10274,0.661270260810852
10276,0.8154177665710449
10278,0.8316078782081604
10280,0.8475546836853027
10281,0.8751972317695618
10282,0.8892833590507507
10283,0.8948960900306702
10284,0.9064683318138123
10285,0.8648459911346436
10286,0.883999228477478
10287,0.8669646382331848
10288,0.877451479434967
10289,0.8988080620765686
10290,0.9040436148643494
10291,0.8994439840316772
10292,0.8488720059394836
10293,0.8332214951515198
10294,0.8611358404159546
10295,0.9047192335128784
10296,0.8661143183708191
10297,0.8586733937263489
10298,0.7819814085960388
10300,0.6604077219963074
10302,0.68682461977005
10304,0.7662755846977234
10306,0.7646087408065796
10308,0.6911221146583557
10310,0.7076752185821533
10312,0.7428765892982483
10314,0.7088967561721802
10316,0.6328538656234741
10318,0.7555151581764221
10320,0.6563020944595337
10322,0.6734545230865479
10324,0.6571657657623291
10326,0.7002943158149719
10328,0.7031188607215881
10330,0.7272987961769104
10332,0.7340419888496399
10334,0.5662661194801331
10336,0.6677513718605042
10338,0.9359156489372253
10340,0.7817791104316711
10342,0.7079105973243713
10344,0.7379667162895203
10346,0.7790605425834656
10348,0.7917671799659729
10350,0.678588330745697
10352,0.5024080872535706
10354,0.6101362705230713
10356,0.6958593726158142
10358,0.6538113951683044
10360,0.7559868693351746
10362,0.7792839407920837
10364,0.8379905223846436
10366,0.8274323344230652
10368,0.6865148544311523
10370,0.7879094481468201
10372,0.6338744163513184
10374,0.7799661755561829
10376,0.7599037289619446
10378,0.9291020035743713
10380,0.9283691048622131
10381,0.8519555926322937
10382,0.9304752945899963
10383,0.8913210034370422
10384,0.8502079248428345
10385,0.8538981676101685
10386,0.8419796824455261
10387,0.7392259836196899
10388,0.8925631642341614
10389,0.914879560470581
10390,0.8573608994483948
10391,0.8353367447853088
10392,0.8667969107627869
10393,0.9096841812133789
10394,0.7908355593681335
10395,0.8835111260414124
10396,0.8357802629470825
10397,0.8833220601081848
10398,0.8375491499900818
10399,0.789239227771759
10400,0.8118780255317688
10402,0.8312347531318665
10404,0.8759876489639282
10406,0.8192088007926941
10408,0.6507920026779175
10410,0.8906872272491455
10412,0.9167874455451965
10414,0.9418423771858215
10416,0.8832183480262756
10418,0.9075921177864075
10420,0.9197414517402649
10422,0.8879775404930115
10424,0.9247836470603943
10426,0.9042795300483704
10428,0.8871499300003052
10430,0.9321879744529724
10432,0.9197519421577454
10434,0.9439257979393005
10436,0.9253447651863098
10438,0.9226312041282654
10440,0.8771899342536926
10442,0.9253436923027039
10444,0.8886348009109497
10446,0.7287349104881287
10448,0.7811030745506287
10450,0.7413114309310913
10452,0.7141699194908142
10454,0.7933691143989563
10456,0.7603581547737122
10458,0.67641282081604
10460,0.6166901588439941
10462,0.8448891043663025
10464,0.7993155121803284
10466,0.7684919238090515
10468,0.7979543805122375
10470,0.7698674201965332
10472,0.710927426815033
10474,0.7608146071434021
10476,0.74297696352005
10478,0.637887179851532
10480,0.775098979473114
10482,0.8065323233604431
10484,0.8249511122703552
10486,0.8305894732475281
10488,0.7782546281814575
10490,0.7915485501289368
10492,0.628466784954071
10494,0.8698802590370178
10496,0.7701869010925293
10498,0.7716606259346008
10500,0.865916907787323
10502,0.660216212272644
10504,0.7871578335762024
10506,0.776218831539154
10508,0.7768762707710266
10510,0.7315218448638916
10512,0.8297328948974609
10514,0.7978502511978149
10516,0.7659309506416321
10518,0.7823874354362488
10520,0.76772141456604
10522,0.7398281097412109
10524,0.7572432160377502
10526,0.7964208722114563
10528,0.7602715492248535
10530,0.7181062698364258
10532,0.6752558350563049
10534,0.7914008498191833
10536,0.4815472960472107
10538,0.7026187777519226
10540,0.6723616719245911
10542,0.53812175989151
10544,0.6469507217407227
10546,0.7345674633979797
10548,0.6747593283653259
10550,0.7050526142120361
10552,0.7704312205314636
10554,0.7996569275856018
10556,0.7418572306632996
10558,0.8203612565994263
10560,0.8723867535591125
10562,0.8013115525245667
10564,0.9032204747200012
10566,0.8196198344230652
10568,0.9003191590309143
10570,0.7917295098304749
10572,0.8373764157295227
10574,0.6477801203727722
10576,0.8785324692726135
10578,0.9053959250450134
10580,0.867830753326416
10582,0.8367896676063538
10584,0.8284302949905396
10586,0.7344023585319519
10588,0.7598816752433777
10590,0.7963091731071472
10592,0.6981604695320129
10594,0.6792078614234924
10596,0.8053562641143799
10598,0.7968887090682983
10600,0.7941372990608215
10602,0.7627376914024353
10604,0.8179486989974976
10606,0.6639735102653503
10608,0.7309218049049377
10610,0.605065107345581
10612,0.6143945455551147
10614,0.6760492324829102
10616,0.7387166619300842
10619,0.723395824432373
10621,0.7386820912361145
10623,0.7383105158805847
10625,0.7428068518638611
10627,0.7453221678733826
10629,0.6567870378494263
10631,0.711979329586029
10633,0.6467771530151367
10635,0.787542998790741
10637,0.647351861000061
10639,0.711268961429596
10641,0.6690767407417297
10643,0.6096352934837341
10645,0.7454306483268738
10647,0.7774699330329895
10649,0.7486793398857117
10651,0.7300757765769958
10653,0.7561126947402954
10655,0.7699713110923767
10657,0.6674049496650696
10659,0.6663792729377747
10661,0.8686019778251648
10663,0.757122814655304
10665,0.8013598918914795
10667,0.7736806273460388
10669,0.7881742119789124
10671,0.8235800862312317
10673,0.8038355708122253
10675,0.8658309578895569
10677,0.6577337384223938
10679,0.7702730298042297
10681,0.8897544741630554
10683,0.9013000130653381
10685,0.8826785683631897
10687,0.868342936038971
10689,0.8341318964958191
10691,0.799334704875946
10693,0.811663806438446
10695,0.880163311958313
10697,0.8181682229042053
10699,0.8076387643814087
10701,0.8055185675621033
10703,0.8480091691017151
10705,0.8412488102912903
10707,0.8481634259223938
10709,0.7766404151916504
10711,0.7484055161476135
10713,0.7823586463928223
10715,0.8064882755279541
10717,0.6839397549629211
10719,0.5647656917572021
10721,0.7776669859886169
10723,0.7892429828643799
10725,0.547055184841156
10727,0.7333993911743164
10729,0.7563875317573547
10731,0.5787423253059387
10733,0.8543376326560974
10735,0.8829792141914368
10737,0.8771125674247742
10739,0.8390153050422668
10741,0.8181167244911194
10743,0.7902974486351013
10745,0.7682389616966248
10747,0.8611357808113098
10749,0.8284048438072205
10751,0.8511667847633362
10753,0.8311017155647278
10755,0.849337100982666
10757,0.6291128396987915
10759,0.7593929171562195
10761,0.7385172247886658
10763,0.7638276219367981
10765,0.8375920653343201
10767,0.8193944692611694
10769,0.9163404107093811
10770,0.8687784075737
10771,0.9402080178260803
10772,0.9196365475654602
10773,0.918624997138977
10774,0.8430197834968567
10775,0.8975145220756531
10776,0.9187729358673096
10777,0.8781525492668152
10778,0.8581982254981995
10779,0.9234216213226318
10780,0.897391676902771
10781,0.8345430493354797
10782,0.926080048084259
10783,0.8779651522636414
10784,0.852730393409729
10785,0.8135468363761902
10786,0.8965389132499695
10787,0.841820240020752
10788,0.8131486773490906
10790,0.8394787311553955
10792,0.7347581386566162
10794,0.7189077138900757
10796,0.8555471301078796
10798,0.7318448424339294
10800,0.8206688761711121
10802,0.8407008051872253
10804,0.8100976347923279
10806,0.7834821939468384
10808,0.8283385038375854
10810,0.8162266612052917
10812,0.7782146334648132
10814,0.7938998341560364
10816,0.7824317812919617
10818,0.8275419473648071
10820,0.9045356512069702
10821,0.8470328450202942
10822,0.8074389100074768
10823,0.7533964514732361
10824,0.6437879204750061
10825,0.8076639771461487
10826,0.7785988450050354
10827,0.832031786441803
10828,0.8735557198524475
10829,0.8259730935096741
10830,0.8590540289878845
10831,0.7852771878242493
10832,0.8306897282600403
10833,0.8231779336929321
10834,0.8166559338569641
10835,0.8101842999458313
10836,0.7975680232048035
10837,0.8664858937263489
10838,0.808697521686554
10839,0.8087937235832214
10840,0.8136801719665527
10841,0.8025020956993103
10842,0.8235914707183838
10843,0.8055228590965271
10844,0.8314723372459412
10845,0.7851743102073669
10846,0.8079306483268738
10847,0.7946847677230835
10848,0.8822249174118042
10849,0.8752565383911133
10850,0.6898108124732971
10851,0.846540629863739
10852,0.896277666091919
10853,0.7887090444564819
10854,0.8139270544052124
10855,0.8231169581413269
10856,0.8292176127433777
10857,0.8271356225013733
10858,0.7973976135253906
10859,0.817503035068512
10860,0.8468278050422668
10861,0.8380590081214905
10862,0.8621940016746521
10863,0.7275936007499695
10864,0.8346782326698303
10865,0.8851599097251892
10866,0.7675030827522278
10867,0.8006828427314758
10868,0.9138258695602417
10869,0.898643434047699
10870,0.8957452178001404
10871,0.9077723026275635
10872,0.8944057822227478
10873,0.8487465381622314
10874,0.8231370449066162
10875,0.8812626004219055
10876,0.9118343591690063
10877,0.7279170751571655
10878,0.7932878136634827
10879,0.8343167901039124
10880,0.8157371878623962
10881,0.7990831136703491
10882,0.765203595161438
10883,0.844456136226654
10884,0.8027912974357605
10885,0.8839349746704102
10886,0.8563143014907837
10888,0.8631437420845032
10890,0.8826296925544739
10892,0.8280182480812073
10894,0.8843115568161011
10896,0.8054879307746887
10898,0.7677451968193054
10900,0.751186192035675
10902,0.7690906524658203
10904,0.8587566018104553
10906,0.8551830649375916
10908,0.8646083474159241
10910,0.8661053776741028
10912,0.8427016139030457
10914,0.8905282616615295
10916,0.6513704657554626
10918,0.8722418546676636
10920,0.862084686756134
10922,0.8017893433570862
10924,0.7996016144752502
10926,0.8373737931251526
10928,0.7960907816886902
10929,0.8056541681289673
10930,0.8067342042922974
10931,0.7622362971305847
10932,0.7700617909431458
10933,0.8149387240409851
10934,0.7911641001701355
10935,0.7393364906311035
10937,0.6768638491630554
10939,0.7706801295280457
10941,0.8211951851844788
10943,0.7649837732315063
10945,0.7961282134056091
10947,0.7504362463951111
10949,0.8386726379394531
10951,0.6665915250778198
10953,0.8102440237998962
10955,0.7863776087760925
10957,0.7656954526901245
10959,0.8047283887863159
10961,0.8333892822265625
10963,0.7510259747505188
10965,0.6885348558425903
10967,0.7278931140899658
10969,0.5763899087905884
10971,0.6265134215354919
10973,0.4346122145652771
10975,0.6951248645782471
10977,0.5432687401771545
10979,0.7068338394165039
10981,0.7419940829277039
10983,0.6798925399780273
10985,0.6084499955177307
10987,0.6957187652587891
10989,0.7078354954719543
10991,0.6339899897575378
10993,0.7040755152702332
10995,0.7453010678291321
10997,0.6350066065788269
10999,0.6787784695625305
101001,0.7055016160011292
101003,0.692899763584137
101005,0.6982329487800598
101007,0.6794402003288269
101009,0.8000980019569397
101011,0.6011092662811279
101013,0.6029723882675171
101015,0.6240647435188293
101017,0.600761890411377
101019,0.7587295770645142
101021,0.70755934715271
101023,0.7652392983436584
101025,0.8146074414253235
101027,0.6976615190505981
101029,0.4799715280532837
101031,0.7006064057350159
101033,0.6366466879844666
101035,0.6623366475105286
101037,0.6271513104438782
101039,0.6556522250175476
101041,0.4780728220939636
101043,0.5654659867286682
101045,0.8458530306816101
101047,0.9074382185935974
101049,0.8336206078529358
101051,0.8444427847862244
101053,0.8201238512992859
101055,0.8299869894981384
101057,0.8237550854682922
101059,0.6731991767883301
101061,0.709103524684906
101063,0.7185956239700317
101065,0.7069239616394043
101067,0.545762836933136
101069,0.7001431584358215
101071,0.6409180760383606
101073,0.7631819844245911
101075,0.6820390820503235
101077,0.6520457863807678
101079,0.5242166519165039
101081,0.5354087352752686
101083,0.5454962849617004
101085,0.6833404898643494
101087,0.6745496988296509
101089,0.676316499710083
101091,0.9068344235420227
101093,0.8611679077148438
101095,0.861962616443634
101097,0.878809928894043
101099,0.8837556838989258
101101,0.8360775113105774
101103,0.8733859658241272
101105,0.8948811292648315
101107,0.8762310147285461
101109,0.8865715265274048
101111,0.8440940380096436
101113,0.8766284584999084
101115,0.8730761408805847
101117,0.860404908657074
101119,0.9125435948371887
101121,0.8766855597496033
101123,0.8355613350868225
101125,0.9190180897712708
101126,0.9391217827796936
101127,0.865516722202301
101128,0.9038787484169006
101129,0.8948650360107422
101130,0.9614540934562683
101131,0.8392983675003052
101132,0.8715085387229919
101133,0.9377610087394714
101134,0.9324628710746765
101135,0.9401134848594666
101136,0.9443287253379822
101137,0.9085099101066589
101138,0.9335113167762756
101139,0.9082476496696472
101140,0.8826200366020203
101141,0.8988093137741089
101142,0.777941107749939
101144,0.7647891640663147
101146,0.7736361622810364
101148,0.649320662021637
101150,0.8392817378044128
101152,0.6660218834877014
101154,0.7298076748847961
101156,0.7251786589622498
101158,0.6503188014030457
101160,0.6780858635902405
101162,0.6493387818336487
101164,0.7247287631034851
101166,0.785329282283783
101168,0.6894636750221252
101170,0.7292361855506897
101172,0.6890799403190613
101174,0.8706130981445312
101176,0.8797563314437866
101178,0.8481925129890442
101180,0.7615367770195007
101182,0.8908106684684753
101184,0.8560227751731873
101186,0.8866490125656128
101188,0.8497564196586609
101190,0.863669753074646
101192,0.7876741886138916
101194,0.8439542055130005
101195,0.819720447063446
101196,0.7700771689414978
101197,0.8001400828361511
101198,0.8606346249580383
101199,0.8907917737960815
101200,0.8503554463386536
101201,0.8622460961341858
101202,0.859836757183075
101203,0.8169609308242798
101204,0.8023757338523865
101205,0.9016861915588379
101206,0.8167157769203186
101207,0.8126818537712097
101208,0.8567755818367004
101209,0.8187203407287598
101210,0.7716681361198425
101212,0.8071545958518982
101214,0.7983049750328064
101216,0.8790077567100525
101218,0.7691962122917175
101220,0.54121333360672
101222,0.7547889351844788
101224,0.7221601605415344
101226,0.8214974999427795
101228,0.8151348829269409
101230,0.7800387740135193
101232,0.6707360148429871
101234,0.64458829164505
101236,0.6509237885475159
101238,0.7997738718986511
101240,0.7840332388877869
101242,0.7724161744117737
101244,0.7140424847602844
101246,0.6631180644035339
101248,0.7984931468963623
101250,0.7778987288475037
101252,0.7364698052406311
101254,0.8003289699554443
101256,0.8291826844215393
101258,0.7254957556724548
101260,0.8171659708023071
101262,0.6638164520263672
101264,0.7491510510444641
101266,0.6234984993934631
101268,0.8002434372901917
101270,0.7668551206588745
101272,0.7009305357933044
101274,0.8199525475502014
101276,0.7620236277580261
101278,0.734735369682312
101280,0.7481051087379456
101282,0.8005189895629883
101284,0.5442267656326294
101286,0.841105043888092
101287,0.8271492123603821
101288,0.7701496481895447
101289,0.8619130253791809
101290,0.7025651335716248
101291,0.8769984841346741
101292,0.8625958561897278
101293,0.9035015106201172
101294,0.8650140762329102
101295,0.8195852637290955
101296,0.7979844212532043
101297,0.8455324172973633
101298,0.6639335751533508
101299,0.6671817898750305
101300,0.8268012404441833
101301,0.7840649485588074
101302,0.6624412536621094
101303,0.8141557574272156
101304,0.8591426014900208
101305,0.856867253780365
101306,0.8298335075378418
101308,0.736083447933197
101310,0.7983255982398987
101312,0.7503148317337036
101314,0.8138447403907776
101316,0.8330424427986145
101318,0.7499615550041199
101320,0.7581767439842224
101322,0.7586812973022461
101324,0.7632924914360046
101326,0.7850456833839417
101328,0.721042811870575
101330,0.6581687331199646
101332,0.7648689150810242
101334,0.7243086099624634
101336,0.780891478061676
101338,0.6065406799316406
101340,0.7239966988563538
101342,0.8031264543533325
101344,0.7576200366020203
101346,0.6954202055931091
101348,0.6226412057876587
101350,0.6866238713264465
101352,0.6483347415924072
101354,0.7118384838104248
101356,0.7798423767089844
101358,0.6592149138450623
101360,0.865954577922821
101362,0.8064539432525635
101364,0.8058767914772034
101366,0.6120635867118835
101368,0.6052467226982117
101370,0.8098077178001404
101372,0.7567390203475952
101374,0.7777694463729858
101376,0.45694416761398315
101378,0.7133975625038147
101380,0.716678261756897
101382,0.7186326384544373
101384,0.6820803284645081
101386,0.6466763615608215
101388,0.7787009477615356
101390,0.7544097304344177
101392,0.7548858523368835
101394,0.793769896030426
101396,0.7578062415122986
101398,0.6005862355232239
101400,0.7501927614212036
101402,0.7891640067100525
101404,0.6573904156684875
101406,0.7357390522956848
101408,0.6868531107902527
101410,0.7841477394104004
101412,0.6711164116859436
101414,0.7072200179100037
101416,0.7111139893531799
101418,0.8021078705787659
101419,0.8534988760948181
101420,0.8975794911384583
101421,0.879068911075592
101422,0.8897117972373962
101423,0.8883573412895203
101424,0.9456119537353516
101425,0.9172617793083191
101426,0.8903152346611023
101427,0.8615792393684387
101428,0.8651947379112244
101429,0.8651790618896484
101430,0.8499559760093689
101431,0.8734460473060608
101432,0.9153491258621216
101433,0.9184174537658691
101434,0.8939767479896545
101435,0.8356261849403381
101436,0.7095809578895569
101438,0.506709098815918
101440,0.4450085759162903
101442,0.7130832076072693
101444,0.5630448460578918
101446,0.7837652564048767
101448,0.8497849702835083
101450,0.8229520916938782
101452,0.8535954356193542
101454,0.857549250125885
101456,0.8004224300384521
101458,0.8753606677055359
101460,0.8869445323944092
101462,0.8561899065971375
101464,0.829472005367279
101466,0.8580426573753357
101468,0.9073253870010376
101470,0.8689978718757629
101472,0.7501544952392578
101474,0.7638217210769653
101476,0.594498336315155
101478,0.7539348006248474
101480,0.8710910081863403
101482,0.7425560355186462
101484,0.8267267346382141
101486,0.7352617383003235
101488,0.7141139507293701
101490,0.673850953578949
101492,0.7760878205299377
101494,0.5095678567886353
101496,0.7446665167808533
101498,0.7352567911148071
101500,0.6043364405632019
101502,0.6773967742919922
101504,0.7170324921607971
101506,0.6421477198600769
101508,0.7627232670783997
101510,0.656161904335022
101512,0.5102841854095459
101514,0.7662158608436584
101516,0.7188036441802979
101518,0.7608911395072937
101520,0.7584894299507141
101522,0.72465580701828
101524,0.7259728312492371
101526,0.6947858929634094
101528,0.8351334929466248
101530,0.8024598956108093
101532,0.8539539575576782
101534,0.8665161728858948
101536,0.8437212109565735
101538,0.8758612871170044
101540,0.8226966857910156
101542,0.8579949736595154
101544,0.8471396565437317
101546,0.8087387681007385
101548,0.8317541480064392
101550,0.8498684763908386
101552,0.8536538481712341
101554,0.8281245827674866
101556,0.8574938178062439
101558,0.6962801814079285
101560,0.682886004447937
101562,0.8829405903816223
101564,0.8483670949935913
101566,0.7931979894638062
101568,0.8836135864257812
101570,0.8392302393913269
101572,0.7226740717887878
101574,0.7093302011489868
101576,0.7586020827293396
101578,0.7090209126472473
101580,0.6905295252799988
101582,0.7078647017478943
101584,0.7444294691085815
101586,0.6143239736557007
101588,0.795260488986969
101590,0.6378203630447388
101592,0.5811854004859924
101594,0.6614156365394592
101596,0.7200926542282104
101598,0.687015175819397
101600,0.6881058812141418
101602,0.9074550271034241
101603,0.8978508710861206
101604,0.8912805318832397
101605,0.915968656539917
101606,0.8920171856880188
101607,0.8703523874282837
101608,0.8541070222854614
101609,0.8906822204589844
101610,0.916526198387146
101611,0.9022125601768494
101612,0.8574325442314148
101613,0.9107740521430969
101614,0.8948093056678772
101615,0.8279024362564087
101616,0.8978944420814514
101617,0.868766725063324
101618,0.9175073504447937
101619,0.7363120317459106
101621,0.815694272518158
101623,0.744414746761322
101625,0.8704801201820374
101627,0.7574368119239807
101629,0.7989360094070435
101631,0.780704915523529
101633,0.70717853307724
101635,0.7528496980667114
101637,0.7996272444725037
101639,0.8707821369171143
101641,0.6680527329444885
101643,0.6950343251228333
101645,0.6385441422462463
101647,0.8100929856300354
101649,0.7711343169212341
101651,0.8771408200263977
101653,0.827288806438446
101655,0.8320869207382202
101657,0.5579891800880432
101659,0.8176024556159973
101661,0.8025521636009216
101663,0.7553642988204956
101665,0.7676119208335876
101667,0.8293364644050598
101669,0.7483550310134888
101671,0.7613534927368164
101673,0.8122429847717285
101675,0.8822173476219177
101676,0.8724965453147888
101677,0.8487163186073303
101678,0.7932299375534058
101679,0.8250028491020203
101680,0.816050112247467
101681,0.8534678220748901
101682,0.8002140522003174
101683,0.8185827136039734
101684,0.8548036217689514
101685,0.8457357287406921
101686,0.8457035422325134
101687,0.7481484413146973
101688,0.8310528993606567
101689,0.7266620397567749
101690,0.7623239755630493
101691,0.8828360438346863
101692,0.7216005921363831
101694,0.7220059633255005
101696,0.7816367745399475
101698,0.7917323708534241
101700,0.774536669254303
101702,0.7894253134727478
101704,0.8075066208839417
101706,0.6682028770446777
101708,0.772264301776886
101710,0.7127436995506287
101712,0.7113842964172363
101714,0.8414618372917175
101716,0.713473379611969
101718,0.7009527683258057
101720,0.8055362105369568
101722,0.6850142478942871
101724,0.8139336109161377
101726,0.8102831840515137
101728,0.765623927116394
101730,0.7381296753883362
101732,0.7302753329277039
101734,0.7568588852882385
101736,0.7946955561637878
101738,0.8119874596595764
101740,0.7731253504753113
101742,0.8380160927772522
101744,0.6949347257614136
101746,0.7659953236579895
101748,0.7082803845405579
101750,0.8161359429359436
101752,0.8258171081542969
101754,0.7197317481040955
101756,0.7647113800048828
101758,0.8972222208976746
101759,0.7881485819816589
101760,0.8416151404380798
101761,0.8239933848381042
101762,0.8894067406654358
101763,0.8481034636497498
101764,0.7631255388259888
101765,0.8312013745307922
101766,0.8736468553543091
101767,0.871364176273346
101768,0.8416157364845276
101769,0.9069512486457825
101770,0.8342440724372864
101771,0.8479203581809998
101772,0.8405962586402893
101773,0.8639082312583923
101774,0.9013981819152832
101775,0.8079298138618469
101776,0.7986143231391907
101777,0.8265029788017273
101778,0.8621132969856262
101779,0.896742045879364
101780,0.8787118196487427
101781,0.8428943157196045
101783,0.8696823120117188
101785,0.7849318385124207
101787,0.7771401405334473
101789,0.7851619720458984
101791,0.8473564386367798
101793,0.8033919930458069
101795,0.757961630821228
101797,0.7909966707229614
101799,0.736182451248169
101801,0.7782909274101257
101803,0.7798565030097961
101805,0.7253276705741882
101807,0.7630476951599121
101809,0.7718424201011658
101811,0.7042379379272461
101813,0.7004413604736328
101815,0.7092871069908142
101817,0.7341481447219849
101819,0.6499513387680054
101821,0.6481568813323975
101823,0.5807059407234192
101825,0.5737038850784302
101827,0.5318714380264282
101829,0.48845672607421875
101831,0.6109403371810913
101833,0.6814283728599548
101835,0.6602022051811218
101837,0.7628791332244873
101839,0.7718345522880554
101841,0.7327970862388611
101843,0.8105568885803223
101845,0.6838468909263611
101847,0.6209501028060913
101849,0.5400682091712952
101851,0.5564881563186646
101853,0.5677514672279358
101855,0.6984043121337891
101857,0.5891215205192566
101859,0.44275110960006714
101861,0.6608647704124451
101863,0.38376671075820923
101865,0.4948740005493164
101867,0.7540750503540039
101869,0.8664785027503967
101871,0.6235172748565674
101873,0.5723568797111511
101875,0.7223643660545349
101877,0.7586959004402161
101879,0.8917505145072937
101881,0.8241227865219116
101883,0.8325089812278748
101885,0.754804790019989
101887,0.8472853302955627
101889,0.8519814610481262
101891,0.7853013873100281
101893,0.8662360310554504
101895,0.8006442785263062
101897,0.8869784474372864
101899,0.8528621792793274
101901,0.8311017155647278
101903,0.8857598900794983
101905,0.9099681973457336
101907,0.8546956181526184
101909,0.877753496170044
101911,0.8594123125076294
101913,0.7810898423194885
101915,0.7495669722557068
101917,0.7153712511062622
101919,0.7433858513832092
101921,0.6623161435127258
101923,0.7307607531547546
101925,0.7129382491111755
101927,0.6486404538154602
101929,0.541394054889679
101931,0.7815389037132263
101932,0.8697875738143921
101933,0.6631254553794861
101934,0.7970607876777649
101935,0.8284884095191956
101936,0.8636649250984192
101937,0.8715512156486511
101938,0.7681958079338074
101939,0.8424857258796692
101940,0.7716642618179321
101941,0.8309018611907959
101942,0.876151978969574
101943,0.8527531027793884
101944,0.8106282353401184
101945,0.8477970957756042
101946,0.7765553593635559
101947,0.6680353283882141
101948,0.7291993498802185
101949,0.734087347984314
101950,0.772874653339386
101951,0.8601934313774109
101953,0.8339877128601074
101955,0.8573552966117859
101957,0.7207753658294678
101959,0.8107486367225647
101961,0.8055154085159302
101963,0.6601670384407043
101965,0.8142264485359192
101967,0.6517966389656067
101969,0.6018800735473633
101971,0.7771744132041931
101973,0.7103471755981445
101975,0.6455141305923462
101977,0.8299065232276917
101979,0.8350565433502197
101981,0.7561832666397095
101983,0.7180972695350647
101985,0.7695019245147705
101987,0.8248317837715149
101989,0.8755284547805786
101991,0.7803836464881897
101993,0.7175126075744629
101995,0.7714163661003113
101997,0.8143042922019958
101999,0.8825952410697937
102001,0.8093399405479431
102003,0.8705763220787048
102005,0.8864132761955261
102006,0.9278697967529297
102007,0.8946235775947571
102008,0.9329952597618103
102009,0.8598747849464417
102010,0.8481511473655701
102011,0.8463990092277527
102012,0.7433257102966309
102013,0.8554868102073669
102014,0.8858503699302673
102015,0.872174084186554
102016,0.8970683813095093
102017,0.8695266842842102
102018,0.8755415081977844
102019,0.9040386080741882
102020,0.8654611706733704
102021,0.8219833970069885
102022,0.8721383213996887
102023,0.7730700373649597
102025,0.7133312821388245
102027,0.7722380757331848
102029,0.7226443886756897
102031,0.8416649699211121
102033,0.8242257833480835
102035,0.7913743853569031
102037,0.5317654013633728
102039,0.6557576060295105
102041,0.9196066856384277
102043,0.8946182131767273
102045,0.8719726800918579
102047,0.8902072310447693
102049,0.8495457768440247
102051,0.7500477433204651
102053,0.8273982405662537
102055,0.8079180717468262
102057,0.7317304015159607
102059,0.7637584805488586
102061,0.7235255837440491
102063,0.8090704083442688
102065,0.7488972544670105
102067,0.8035194873809814
102069,0.7680086493492126
102071,0.5909472107887268
102073,0.627712070941925
102075,0.6269665360450745
102077,0.6412319540977478
102079,0.5991129875183105
102081,0.6721768975257874
102083,0.5263741612434387
102085,0.7252604961395264
102087,0.5874306559562683
102089,0.37410473823547363
102091,0.6813992857933044
102093,0.8401099443435669
102094,0.847024142742157
102095,0.7062276005744934
102096,0.8583171367645264
102097,0.8044025301933289
102098,0.8079597353935242
102099,0.7288594841957092
102100,0.8707045912742615
102101,0.8504099249839783
102102,0.7762197852134705
102103,0.8617841601371765
102104,0.7375735640525818
102105,0.8416205048561096
102106,0.7915659546852112
102107,0.8081691861152649
102108,0.7488215565681458
102109,0.7406179308891296
102110,0.8431150317192078
102111,0.8566737771034241
102112,0.743226945400238
102114,0.7760689854621887
102116,0.7387685775756836
102118,0.8001070618629456
102120,0.6145070791244507
102122,0.8026300072669983
102124,0.781330406665802
102126,0.5888591408729553
102128,0.6021696925163269
102130,0.790842592716217
102132,0.7659683227539062
102134,0.7686774134635925
102136,0.7966223359107971
102138,0.8029841184616089
102140,0.8286150693893433
102142,0.8030056953430176
102144,0.85493403673172
102146,0.9038875699043274
102147,0.9013275504112244
102148,0.8644744157791138
102149,0.9126958847045898
102150,0.8029581904411316
102151,0.8624672293663025
102152,0.9363744854927063
102153,0.8672193288803101
102154,0.8920456171035767
102155,0.8888463377952576
102156,0.7747177481651306
102158,0.6766246557235718
102160,0.8349274396896362
102162,0.7402098178863525
102164,0.6664432883262634
102166,0.7079426050186157
102168,0.8426154255867004
102170,0.6354862451553345
102172,0.7353177070617676
102174,0.7531525492668152
102176,0.6320107579231262
102178,0.5269669890403748
102180,0.593126118183136
102182,0.6302929520606995
102184,0.7187748551368713
102186,0.8354499936103821
102188,0.7715076208114624
102190,0.7011359333992004
102192,0.7104308009147644
102193,0.7837583422660828
102194,0.6468454599380493
102195,0.6741414070129395
102196,0.7374661564826965
102197,0.7113907933235168
102198,0.5714578032493591
102199,0.7133497595787048
102200,0.7981675267219543
102201,0.7000811696052551
102202,0.7332883477210999
102203,0.6914623379707336
102204,0.6541723608970642
102206,0.7690924406051636
102208,0.7264187932014465
102210,0.49807149171829224
102212,0.691087543964386
102214,0.7643901705741882
102216,0.6460586786270142
102218,0.622554361820221
102220,0.6157501935958862
102222,0.49835580587387085
102224,0.6687080264091492
102226,0.6748058199882507
102228,0.6555465459823608
102230,0.6460381150245667
102232,0.7957258820533752
102234,0.757495641708374
102236,0.6247691512107849
102238,0.6901044249534607
102240,0.8848598599433899
102241,0.8196693062782288
102242,0.8526651263237
102243,0.8114776611328125
102244,0.8680298924446106
102245,0.90187668800354
102246,0.8177631497383118
102247,0.8809338808059692
102248,0.8683158755302429
102249,0.8806532621383667
102250,0.8319095969200134
102251,0.8716353178024292
102252,0.9063668251037598
102253,0.8891465067863464
102254,0.7627515196800232
102255,0.8421295285224915
102256,0.8839973211288452
102257,0.8777403235435486
102258,0.8264095783233643
102259,0.8379818201065063
102260,0.8379095196723938
102261,0.8592929840087891
102262,0.8613702654838562
102263,0.8329768180847168
102264,0.892304003238678
102265,0.8578935265541077
102266,0.8402380347251892
102267,0.8518944382667542
102268,0.8457120060920715
102269,0.821151077747345
102271,0.6612055897712708
102273,0.6707561016082764
102275,0.7478323578834534
102277,0.8509264588356018
102279,0.8354083895683289
102281,0.8712352514266968
102283,0.7939626574516296
102285,0.7048714756965637
102287,0.7807291150093079
102289,0.7216490507125854
102291,0.8462778925895691
102293,0.794621467590332
102295,0.7706558108329773
102297,0.693912148475647
102299,0.7135506272315979
102301,0.8410800099372864
102303,0.7290293574333191
102305,0.5460891127586365
102307,0.834939181804657
102309,0.5640376210212708
102311,0.6468123197555542
102313,0.7886542677879333
102315,0.7954028248786926
102317,0.8741117119789124
102319,0.7629434466362
102321,0.7883656620979309
102323,0.8403772115707397
102325,0.8107892870903015
102327,0.7485865354537964
102329,0.788274347782135
102331,0.7781204581260681
102333,0.8537716269493103
102335,0.792808473110199
102337,0.7435445189476013
102339,0.7570698857307434
102341,0.712590754032135
102343,0.6879867911338806
102345,0.766046404838562
102347,0.6639456152915955
102349,0.6459543704986572
102351,0.7231500148773193
102353,0.7202526926994324
102355,0.7853808403015137
102357,0.7832130789756775
102359,0.604755163192749
102361,0.8070507049560547
102363,0.7348791360855103
102365,0.8196967244148254
102367,0.8556420207023621
102369,0.8572565913200378
102371,0.8512954115867615
102373,0.7347704768180847
102375,0.7704113125801086
102377,0.7884810566902161
102379,0.7525209188461304
102381,0.7733350396156311
102383,0.690449059009552
102385,0.8628239631652832
102386,0.8579989075660706
102387,0.9029524922370911
102388,0.8770313262939453
102389,0.8975343108177185
102390,0.8580533266067505
102391,0.887365996837616
102392,0.8310276865959167
102393,0.8167989253997803
102394,0.8834447860717773
102395,0.8526772856712341
102396,0.8418261408805847
102397,0.852200448513031
102398,0.8996725082397461
102399,0.8731606602668762
102400,0.8998423218727112
102401,0.8843536972999573
102402,0.8850194215774536
102403,0.8669437766075134
102404,0.8831018209457397
102405,0.9230483174324036
102406,0.8738264441490173
102407,0.9201779961585999
102408,0.8588775396347046
102409,0.8861585259437561
102410,0.8273634910583496
102411,0.8793923258781433
102412,0.8622862696647644
102413,0.8671441078186035
102414,0.8834415078163147
102415,0.862116277217865
102416,0.8805844187736511
102417,0.9055203199386597
102418,0.8280857801437378
102419,0.8345736861228943
102420,0.8607891798019409
102421,0.919806718826294
102422,0.8287957310676575
102423,0.898125410079956
102424,0.7786397933959961
102425,0.8856927752494812
102426,0.8279634118080139
102427,0.915774405002594
102428,0.9306740760803223
102429,0.9129083156585693
102430,0.8223184943199158
102431,0.8748462796211243
102432,0.8227607607841492
102433,0.8642174601554871
102434,0.8370291590690613
102435,0.8920206427574158
102436,0.876948356628418
102437,0.872463047504425
102438,0.8395940661430359
102439,0.8773972392082214
102440,0.8042723536491394
102441,0.7922298908233643
102442,0.825024425983429
102443,0.8466941714286804
102444,0.8615453839302063
102445,0.8733952641487122
102446,0.8450692892074585
102447,0.8440551161766052
102448,0.8886597752571106
102449,0.8022986054420471
102450,0.8592544198036194
102451,0.8023154139518738
102452,0.8909035325050354
102453,0.8477317690849304
102454,0.7725635170936584
102455,0.8528476357460022
102456,0.8519719243049622
102457,0.8406720161437988
102458,0.8662260174751282
102459,0.8661760687828064
102460,0.876447856426239
102461,0.8928489685058594
102462,0.8497371077537537
102463,0.8820926547050476
102464,0.7590159773826599
102465,0.825329601764679
102466,0.7594903707504272
102467,0.8533462882041931
102468,0.7636938691139221
102469,0.8068354725837708
102470,0.7731064558029175
102471,0.8131623864173889
102472,0.7213316559791565
102473,0.6941837668418884
102474,0.7647643685340881
102475,0.7832964062690735
102476,0.7424846291542053
102477,0.8066315650939941
102478,0.8123050928115845
102479,0.6770907044410706
102480,0.7542896866798401
102481,0.5529881715774536
102482,0.8009219765663147
102483,0.5595201253890991
102484,0.7748419046401978
102485,0.8459498882293701
102486,0.8252207636833191
102487,0.8395219445228577
102488,0.8284808397293091
102489,0.8636438846588135
102490,0.8261269927024841
102491,0.7637754082679749
102492,0.8423588275909424
102493,0.8522823452949524
102494,0.8531407117843628
102495,0.8507960438728333
102496,0.7119539380073547
102497,0.8128076195716858
102498,0.8489469885826111
102499,0.8024185299873352
102500,0.8471770882606506
102501,0.7450740933418274
102502,0.7639091610908508
102504,0.7258914113044739
102506,0.8104965090751648
102508,0.7866325974464417
102510,0.7766528725624084
102512,0.7418608069419861
102514,0.8255249857902527
102516,0.7569789290428162
102518,0.7719491124153137
102520,0.7418907880783081
102522,0.7187872529029846
102524,0.6855297684669495
102526,0.5532891154289246
102528,0.4415739178657532
102530,0.6534797549247742
102532,0.8311993479728699
102533,0.902665376663208
102534,0.9191311001777649
102535,0.8973129391670227
102536,0.9078660011291504
102537,0.8900684714317322
102538,0.9168829321861267
102539,0.8674224615097046
102540,0.8867846131324768
102541,0.9173919558525085
102542,0.8717179298400879
102543,0.8850354552268982
102544,0.901540994644165
102545,0.8593073487281799
102546,0.9007868766784668
102547,0.9040698409080505
102548,0.8783356547355652
102549,0.8694583773612976
102550,0.9234536290168762
102551,0.8630848526954651
102552,0.9235886931419373
102553,0.2952321767807007
102555,0.3297803997993469
102557,0.4023730158805847
102559,0.5047996640205383
102561,0.3360113799571991
102563,0.5143951177597046
102565,0.7504100203514099
102567,0.7423266768455505
102569,0.5956843495368958
102571,0.2865602374076843
102573,0.4117431044578552
102575,0.6168535947799683
102577,0.5776469707489014
102579,0.8696934580802917
102580,0.8369714021682739
102581,0.8690817952156067
102582,0.8688414096832275
102583,0.8950871825218201
102584,0.9074787497520447
102585,0.8610185980796814
102586,0.8175370693206787
102587,0.8895224928855896
102588,0.9033620953559875
102589,0.8432616591453552
102590,0.897563636302948
102591,0.8702464699745178
102592,0.8607721924781799
102593,0.7498504519462585
102594,0.7307783365249634
102595,0.8944689631462097
102596,0.7194387316703796
102597,0.8131288886070251
102599,0.7433168292045593
102601,0.5489128828048706
102603,0.8176119923591614
102605,0.705167829990387
102607,0.7501964569091797
102609,0.6629040837287903
102611,0.736640453338623
102613,0.8858771920204163
102615,0.8641936182975769
102617,0.8642211556434631
102619,0.8636253476142883
102621,0.8223114609718323
102623,0.9070922136306763
102625,0.8168385624885559
102627,0.7912951707839966
102629,0.8153718113899231
102631,0.9019654989242554
102633,0.8372605443000793
102635,0.8553956747055054
102637,0.7600902915000916
102639,0.6417790651321411
102641,0.8139167428016663
102643,0.856930673122406
102645,0.7761080265045166
102647,0.8002639412879944
102649,0.825648844242096
102651,0.8837093710899353
102653,0.8531555533409119
102655,0.8514107465744019
102657,0.8189772367477417
102659,0.8147192597389221
102661,0.7894938588142395
102663,0.7766551375389099
102665,0.9138811230659485
102667,0.8463809490203857
102668,0.6989719271659851
102669,0.7751873135566711
102670,0.798566997051239
102671,0.7579407095909119
102672,0.8505232930183411
102673,0.8521170020103455
102674,0.815957248210907
102675,0.8067171573638916
102676,0.8027279376983643
102677,0.833419144153595
102678,0.7985954284667969
102679,0.8140884041786194
102680,0.801503598690033
102681,0.8562110066413879
102682,0.762606680393219
102683,0.7822861075401306
102684,0.8217806220054626
102685,0.7786291241645813
102686,0.7435067296028137
102687,0.8803781867027283
102688,0.8913748860359192
102689,0.7928045988082886
102690,0.8835243582725525
102691,0.8464719653129578
102692,0.867702841758728
102693,0.8458630442619324
102694,0.8191766738891602
102695,0.9233301281929016
102696,0.9054907560348511
102697,0.8460450768470764
102698,0.8274739384651184
102699,0.8793143630027771
102700,0.8601179122924805
102701,0.8837348818778992
102702,0.8388352394104004
102703,0.725776731967926
102704,0.7637013792991638
102705,0.7417014241218567
102707,0.8761795163154602
102709,0.8352174162864685
102711,0.8974093198776245
102713,0.8650071024894714
102715,0.8874974250793457
102717,0.8606553077697754
102719,0.8544485569000244
102721,0.7889443039894104
102723,0.836513340473175
102725,0.8225582242012024
102727,0.873651385307312
102729,0.8088873028755188
102731,0.8225613236427307
102732,0.8771796822547913
102733,0.881581723690033
102734,0.8757035732269287
102735,0.84397953748703
102736,0.8800514340400696
102737,0.9014319181442261
102738,0.7283822894096375
102739,0.7635370492935181
102740,0.8091427683830261
102741,0.8396246433258057
102742,0.886727511882782
102743,0.8492802977561951
102744,0.8866049647331238
102745,0.8252877593040466
102746,0.8838517665863037
102747,0.855567991733551
102748,0.8919078707695007
102749,0.8984346985816956
102750,0.786859929561615
102751,0.7861936688423157
102752,0.796675980091095
102753,0.7470560669898987
102754,0.8420640826225281
102755,0.8335152864456177
102756,0.7509514093399048
102757,0.8003900647163391
102758,0.7558591365814209
102759,0.8058578968048096
102760,0.7074365019798279
102761,0.7039531469345093
102763,0.8842549920082092
102765,0.8048869371414185
102767,0.8435190320014954
102769,0.6428929567337036
102771,0.8094266653060913
102773,0.6894155144691467
102775,0.7455739378929138
102777,0.6278281211853027
102779,0.7231609225273132
102781,0.8144291043281555
102783,0.6984862089157104
102785,0.8415161967277527
102787,0.8180963397026062
102789,0.6007569432258606
102791,0.7369983792304993
102793,0.8315600752830505
102795,0.8561784029006958
102797,0.8822756409645081
102799,0.8534539341926575
102801,0.8741318583488464
102803,0.8784767985343933
102805,0.8405323028564453
102807,0.7704532742500305
102809,0.805963933467865
102811,0.8695682883262634
102813,0.825495183467865
102815,0.8041083812713623
102817,0.8040900230407715
102819,0.7279797196388245
102821,0.8888857960700989
102823,0.748008668422699
102825,0.6497954726219177
102827,0.7425011992454529
102829,0.8041654825210571
102831,0.6930767297744751
102833,0.6503854393959045
102835,0.7161865830421448
102837,0.7222225069999695
102839,0.5932323932647705
102841,0.7040532827377319
102843,0.5115628838539124
102845,0.6369804739952087
102847,0.6393827199935913
102849,0.5916209816932678
102851,0.5905606150627136
102853,0.6193559765815735
102855,0.6177982091903687
102857,0.5485873222351074
102859,0.6648089289665222
102861,0.43826210498809814
102863,0.6204022765159607
102865,0.8572776913642883
102867,0.8797071576118469
102869,0.8485164046287537
102871,0.8823628425598145
102873,0.8529556393623352
102875,0.9081327319145203
102877,0.8402551412582397
102879,0.891410231590271
102881,0.8322178721427917
102883,0.8641251921653748
102885,0.855786919593811
102887,0.8002213835716248
102889,0.8522581458091736
102891,0.8915148377418518
102893,0.7936116456985474
102895,0.8590472340583801
102897,0.8972596526145935
102899,0.8414890170097351
102901,0.8711794018745422
102903,0.8484119772911072
102904,0.822124183177948
102905,0.804499089717865
102906,0.7678824067115784
102907,0.8267813920974731
102908,0.7371454834938049
102909,0.8190416097640991
102910,0.8209126591682434
102911,0.7854230403900146
102912,0.7993097901344299
102913,0.6891697645187378
102914,0.8878775835037231
102915,0.8190914392471313
102916,0.7917632460594177
102917,0.8111365437507629
102918,0.8089612722396851
102919,0.8403120040893555
102920,0.7610576748847961
102921,0.818121612071991
102922,0.821898877620697
102923,0.9129968881607056
102924,0.7913803458213806
102925,0.6724768280982971
102927,0.6747849583625793
102929,0.7087475061416626
102931,0.6820318698883057
102933,0.6974133253097534
102935,0.5719695091247559
102937,0.6451111435890198
102939,0.6057711839675903
102941,0.699941873550415
102943,0.509896993637085
102945,0.8513553738594055
102947,0.8517020344734192
102949,0.8667739033699036
102951,0.8614485263824463
102953,0.8398216366767883
102955,0.829644501209259
102957,0.8834885954856873
102959,0.8168978691101074
102961,0.7494111657142639
102963,0.725047767162323
102965,0.8650769591331482
102967,0.8654016852378845
102969,0.8268084526062012
102971,0.8520283102989197
102973,0.849952220916748
102975,0.8628459572792053
102977,0.8503012657165527
102979,0.8717484474182129
102981,0.8867158889770508
102983,0.7985367178916931
102985,0.7852862477302551
102987,0.8326062560081482
102989,0.8657853007316589
102991,0.8370862603187561
102993,0.9087576866149902
102995,0.8823732733726501
102997,0.874779999256134
102999,0.8667123913764954
103001,0.877435564994812
103003,0.8858064413070679
103005,0.8587803244590759
103007,0.8910331130027771
103009,0.7982062697410583
103011,0.8874930143356323
103013,0.9092215299606323
103015,0.8681805729866028
103017,0.753380298614502
103019,0.8621800541877747
103021,0.8515985608100891
103023,0.8461242318153381
103025,0.8867045640945435
103027,0.8819042444229126
103029,0.919009804725647
103031,0.8755182027816772
103033,0.8494300246238708
103035,0.9127673506736755
103037,0.8098857998847961
103039,0.8442066311836243
103041,0.9004918932914734
103043,0.8409804701805115
103045,0.7787167429924011
103047,0.8576632738113403
103049,0.8229783177375793
103051,0.8381357789039612
103053,0.8055020570755005
103055,0.900224506855011
103057,0.8523774743080139
103059,0.8715465664863586
103061,0.9237821698188782
103063,0.8669720888137817
103065,0.9157400727272034
103067,0.9086338877677917
103069,0.8917562961578369
103071,0.916534960269928
103073,0.8951832056045532
103075,0.8951407074928284
103077,0.8668540120124817
103079,0.8694148659706116
103081,0.8224585652351379
103083,0.7980650663375854
103085,0.8629700541496277
103087,0.8276455998420715
103089,0.8718382716178894
103091,0.9230193495750427
103093,0.9401958584785461
103094,0.8701710104942322
103095,0.9313756823539734
103096,0.7904537320137024
103097,0.7647109627723694
103098,0.8910601735115051
103099,0.8265778422355652
103100,0.8475729823112488
103101,0.9155728816986084
103102,0.8225328922271729
103103,0.8387848734855652
103104,0.8862690329551697
103105,0.8632749319076538
103107,0.8594692945480347
103109,0.7920449376106262
103111,0.859528124332428
103113,0.845948338508606
103115,0.8357680439949036
103117,0.7942249178886414
103119,0.7462313771247864
103121,0.8535616993904114
103123,0.8374616503715515
103125,0.8113664984703064
103127,0.8029009699821472
103129,0.7606666684150696
103131,0.8020288348197937
103133,0.846791684627533
103135,0.8745376467704773
103137,0.9050367474555969
103139,0.8628555536270142
103141,0.9179477691650391
103143,0.8582288026809692
103145,0.8031195998191833
103147,0.8674999475479126
103149,0.8074339032173157
103151,0.888331949710846
103153,0.8659856915473938
103155,0.8557416796684265
103157,0.8491441607475281
103159,0.8625194430351257
103161,0.8654190897941589
103163,0.8645316362380981
103165,0.8543629050254822
103167,0.8691664338111877
103169,0.8721210956573486
103170,0.8659913539886475
103171,0.9141465425491333
103172,0.9059105515480042
103173,0.8885781168937683
103174,0.9132828116416931
103175,0.9106947183609009
103176,0.8907050490379333
103177,0.8800260424613953
103178,0.9074687957763672
103179,0.8464128375053406
103180,0.8790786862373352
103181,0.8716095089912415
103182,0.8866140246391296
103183,0.892049252986908
103184,0.8643209338188171
103185,0.7473147511482239
103187,0.6961493492126465
103189,0.7168260812759399
103191,0.7726554274559021
103193,0.6961809992790222
103195,0.7054471969604492
103197,0.7399118542671204
103199,0.7420984506607056
103201,0.6687185168266296
103203,0.7537381052970886
103205,0.7074404358863831
103207,0.7183100581169128
103209,0.5536315441131592
103211,0.6610272526741028
103213,0.6738327145576477
103215,0.7878690361976624
103217,0.7518212199211121
103219,0.6250100135803223
103221,0.7685931324958801
103223,0.7490261197090149
103225,0.7184061408042908
103227,0.7015883326530457
103229,0.5351026058197021
103231,0.7447230219841003
103233,0.5273224711418152
103235,0.7365134358406067
103237,0.6543973088264465
103239,0.5146713256835938
103241,0.705993115901947
103243,0.7416706681251526
103245,0.5780701637268066
103247,0.7438176274299622
103249,0.7597836852073669
103251,0.8399752974510193
103252,0.8632263541221619
103253,0.7297134399414062
103254,0.8335739970207214
103255,0.8161261081695557
103256,0.8332809805870056
103257,0.8353363871574402
103258,0.7943843007087708
103259,0.7882806658744812
103260,0.8684987425804138
103261,0.7806984782218933
103262,0.8257622122764587
103263,0.7582698464393616
103264,0.7784437537193298
103265,0.7400941252708435
103266,0.8548933863639832
103267,0.6734824776649475
103268,0.7718014121055603
103269,0.6962908506393433
103270,0.7997050881385803
103271,0.7573623061180115
103272,0.791581392288208
103273,0.7019370794296265
103275,0.6878194212913513
103277,0.648109495639801
103279,0.6344948410987854
103281,0.6265643239021301
103283,0.7862513661384583
103284,0.768891453742981
103285,0.8823003768920898
103286,0.8625382781028748
103287,0.8759406208992004
103288,0.7986530065536499
103289,0.8097639083862305
103290,0.634192168712616
103291,0.8737242817878723
103292,0.7159451842308044
103293,0.6737062335014343
103294,0.6756817698478699
103295,0.7982527613639832
103296,0.6992841362953186
103297,0.8588796854019165
103298,0.821705162525177
103299,0.7770063281059265
103300,0.8490493297576904
103301,0.7990968227386475
103302,0.8877061009407043
103303,0.9150506258010864
103304,0.8723623156547546
103305,0.8341524004936218
103306,0.8453370928764343
103307,0.8668578863143921
103308,0.9166873097419739
103309,0.8875418305397034
103310,0.9059558510780334
103311,0.8827637434005737
103312,0.9104611277580261
103313,0.8860043883323669
103314,0.8593401312828064
103315,0.8955094218254089
103316,0.8920848369598389
103317,0.8240781426429749
103319,0.8282411694526672
103321,0.8446933627128601
103323,0.8486837148666382
103325,0.8524438738822937
103327,0.7950999140739441
103329,0.7921514511108398
103331,0.7765710949897766
103333,0.8154656291007996
103335,0.710761547088623
103337,0.7254908084869385
103339,0.6689243912696838
103341,0.818793535232544
103343,0.7461072206497192
103345,0.7735176682472229
103347,0.736820638179779
103349,0.6557279229164124
103351,0.7140941619873047
103353,0.5721885561943054
103355,0.8301041126251221
103357,0.6090822219848633
103359,0.8280298709869385
103361,0.7574781179428101
103363,0.6803913712501526
103365,0.7715463042259216
103367,0.7930204272270203
103369,0.8534210920333862
103371,0.8814313411712646
103373,0.8551579117774963
103375,0.8633595705032349
103377,0.906976044178009
103379,0.8818169236183167
103381,0.908146321773529
103383,0.8672475218772888
103385,0.8760790824890137
103387,0.8879693150520325
103389,0.8513850569725037
103391,0.8215416669845581
103393,0.8837558031082153
103395,0.8902249932289124
103397,0.8531806468963623
103399,0.882749080657959
103401,0.8543875813484192
103403,0.8174797892570496
103405,0.8309572339057922
103407,0.809004008769989
103409,0.804775595664978
103411,0.7735112309455872
103413,0.8328387141227722
103415,0.8499546051025391
103417,0.838590681552887
103419,0.8696311116218567
103421,0.7676050066947937
103423,0.7204383015632629
103425,0.7763814330101013
103427,0.8330846428871155
103429,0.6792439818382263
103431,0.7940561175346375
103433,0.8072550892829895
103435,0.8152261972427368
103437,0.7080731391906738
103439,0.7926957011222839
103441,0.7732307314872742
103443,0.7711469531059265
103445,0.8000556826591492
103447,0.689877986907959
103449,0.7147038578987122
103451,0.6254497766494751
103453,0.6367923617362976
103455,0.6767507791519165
103457,0.6788541078567505
103459,0.8297901749610901
103461,0.6124071478843689
103463,0.7302387952804565
103465,0.8293069005012512
103467,0.881715714931488
103469,0.8174770474433899
103471,0.8289214372634888
103473,0.8286458849906921
103475,0.824018657207489
103477,0.7995448708534241
103479,0.8802770376205444
103481,0.8846909403800964
103483,0.8123504519462585
103485,0.8508267998695374
103487,0.8130248785018921
103489,0.8170121312141418
103491,0.695986270904541
103493,0.7245826125144958
103495,0.8437624573707581
103497,0.8470901846885681
103499,0.7625184655189514
103501,0.7667825222015381
103503,0.7949568033218384
103505,0.7402662634849548
103507,0.7345730662345886
103509,0.680375337600708
103511,0.7420746684074402
103513,0.6749761700630188
103515,0.6171392202377319
103517,0.5696760416030884
103519,0.7548516988754272
103521,0.5263399481773376
103523,0.5617040395736694
103525,0.7393084168434143
103527,0.6455469131469727
103529,0.7085301876068115
103531,0.6511427760124207
103533,0.6646339297294617
103535,0.8552119135856628
103537,0.6757989525794983
103539,0.8046703934669495
103541,0.5749446153640747
103543,0.843183696269989
103545,0.8794741630554199
103547,0.838188111782074
103549,0.8811454772949219
103551,0.6032448410987854
103553,0.8619125485420227
103555,0.8750634789466858
103557,0.8699213862419128
103559,0.8618394732475281
103561,0.8297272324562073
103563,0.8560178875923157
103565,0.8788480162620544
103567,0.8292227387428284
103569,0.8749504685401917
103571,0.9043976664543152
103573,0.809931218624115
103575,0.806144654750824
103577,0.8291064500808716
103579,0.8229607939720154
103581,0.8384626507759094
103583,0.8674114346504211
103585,0.8417835235595703
103587,0.7957398295402527
103589,0.8197417855262756
103591,0.8402196764945984
103593,0.751534640789032
103595,0.8504716157913208
103597,0.8626410961151123
103599,0.6942943334579468
103601,0.7977139353752136
103603,0.7400223612785339
103605,0.7610110640525818
103607,0.8149884343147278
103609,0.7988603711128235
103611,0.7055029273033142
103613,0.8240322470664978
103615,0.7337940335273743
103617,0.5152547359466553
103619,0.7595555782318115
103621,0.80148845911026
103623,0.8443054556846619
103625,0.7362393736839294
103627,0.7164629101753235
103629,0.7963728904724121
103631,0.7431660294532776
103633,0.7309600710868835
103635,0.7236833572387695
103637,0.7507955431938171
103639,0.5902429223060608
103641,0.6184291839599609
103643,0.6965890526771545
103645,0.6777687668800354
103647,0.6756911873817444
103649,0.6550540328025818
103651,0.7117610573768616
103653,0.6842535734176636
103655,0.5306988954544067
103657,0.745490312576294
103659,0.4544774293899536
103660,0.5743914842605591
103661,0.8254190683364868
103662,0.5607661008834839
103663,0.7178943753242493
103664,0.7770006060600281
103665,0.8034835457801819
103666,0.7643547654151917
103667,0.7090004086494446
103668,0.7348992824554443
103669,0.6475458145141602
103670,0.744731068611145
103671,0.7583147287368774
103672,0.7736892700195312
103673,0.7104665637016296
103674,0.6639885902404785
103676,0.5526743531227112
103678,0.688370943069458
103680,0.7203714847564697
103682,0.6988428235054016
103684,0.7249000072479248
103686,0.6772882342338562
103688,0.5194129943847656
103690,0.525037944316864
103692,0.6281525492668152
103694,0.7223499417304993
103696,0.7175902128219604
103698,0.3411087393760681
103700,0.7658794522285461
103702,0.6029689908027649
103704,0.6694900393486023
103706,0.4642982482910156
103708,0.8074190020561218
103709,0.8136202692985535
103710,0.8375615477561951
103711,0.8475766181945801
103712,0.8372461199760437
103713,0.7993971705436707
103714,0.8203637599945068
103715,0.8123628497123718
103716,0.7868180274963379
103717,0.6950324177742004
103718,0.7364023327827454
103719,0.8091743588447571
103720,0.7851249575614929
103721,0.812377393245697
103722,0.7877175211906433
103723,0.9238463044166565
103725,0.8410137295722961
103727,0.7745550274848938
103729,0.8776076436042786
103731,0.8279922604560852
103733,0.763478696346283
103735,0.8743610382080078
103737,0.6684262752532959
103739,0.8387243151664734
103741,0.8588898181915283
103743,0.7769145369529724
103745,0.787128746509552
103747,0.7128600478172302
103749,0.7269326448440552
103751,0.7740387320518494
103753,0.8120114207267761
103755,0.7537730932235718
103757,0.876777172088623
103758,0.9048142433166504
103759,0.8300291299819946
103760,0.84321528673172
103761,0.792065441608429
103762,0.8732185959815979
103763,0.9114689230918884
103764,0.8931841254234314
103765,0.8750202059745789
103766,0.8313716650009155
103767,0.8982765078544617
103768,0.8699468374252319
103769,0.8946036696434021
103770,0.874384343624115
103771,0.8705748319625854
103772,0.8176639080047607
103773,0.8217582702636719
103774,0.8543425798416138
103775,0.7687104344367981
103777,0.6117568612098694
103779,0.7668892741203308
103781,0.6844823360443115
103783,0.7456881403923035
103785,0.7389622926712036
103787,0.7160978317260742
103789,0.8112393021583557
103791,0.8039655089378357
103793,0.8047863841056824
103795,0.7380862236022949
103797,0.6646519303321838
103799,0.792574942111969
103801,0.7908953428268433
103803,0.784755289554596
103805,0.8079789280891418
103807,0.7735573053359985
103809,0.6228234171867371
103811,0.8102936148643494
103813,0.7858867049217224
103815,0.7011928558349609
103817,0.6677317023277283
103819,0.7578768134117126
103821,0.7811599969863892
103823,0.8630759119987488
103825,0.807105302810669
103827,0.8598557114601135
103829,0.7661083340644836
103831,0.8516348004341125
103833,0.7763336300849915
103835,0.8178125619888306
103837,0.8122807741165161
103839,0.6633753776550293
103841,0.8466522693634033
103843,0.7444540858268738
103845,0.7902411222457886
103847,0.7764683365821838
103849,0.7617958188056946
103851,0.7287847995758057
103853,0.804400622844696
103855,0.6235188245773315
103857,0.6733812093734741
103859,0.6331014633178711
103861,0.4590572714805603
103863,0.6946331858634949
103865,0.7543594837188721
103867,0.6870062947273254
103869,0.6933651566505432
103871,0.7539039254188538
103873,0.6248831152915955
103875,0.8974458575248718
103877,0.8552085161209106
103879,0.8750028014183044
103881,0.8089780211448669
103883,0.850598156452179
103885,0.8539736866950989
103887,0.8826950192451477
103889,0.8133670687675476
103891,0.8282727599143982
103893,0.8787708878517151
103895,0.7497318983078003
103897,0.61079341173172
103899,0.7401835322380066
103901,0.8521926999092102
103903,0.8112326264381409
103905,0.8248850703239441
103907,0.8578762412071228
103909,0.884124219417572
103911,0.8889041543006897
103913,0.891121506690979
103915,0.8707800507545471
103917,0.8683019280433655
103919,0.8742506504058838
103921,0.8168799877166748
103923,0.7491592168807983
103925,0.856975257396698
103927,0.8540262579917908
103929,0.8225986361503601
103931,0.9235002994537354
103933,0.8873574733734131
103935,0.7454192042350769
103937,0.8279622197151184
103939,0.7668284773826599
103941,0.8676460385322571
103943,0.8849502205848694
103945,0.8733055591583252
103947,0.882074236869812
103949,0.8500689268112183
103951,0.8629641532897949
103953,0.8925430178642273
103955,0.8751512765884399
103957,0.8751614689826965
103959,0.857881486415863
103961,0.798556387424469
103963,0.8012891411781311
103965,0.5250501036643982
103967,0.629836916923523
103969,0.699887216091156
103971,0.8165378570556641
103973,0.6871740221977234
103975,0.7125171422958374
103977,0.7119020819664001
103979,0.6676232814788818
103981,0.7333127856254578
103983,0.7494732141494751
103985,0.7112624049186707
103987,0.8140272498130798
103989,0.6586232781410217
103991,0.7367863655090332
103993,0.7360351085662842
103995,0.8207237124443054
103997,0.6293056607246399
103999,0.7192716598510742
104001,0.7675660252571106
104003,0.7336998581886292
104005,0.6822287440299988
104007,0.7468631267547607
104009,0.7217868566513062
104011,0.7291566729545593
104013,0.7429062128067017
104015,0.6749147772789001
104017,0.8326343894004822
104019,0.7059659361839294
104021,0.8594131469726562
104023,0.7217724919319153
104025,0.6509876847267151
104027,0.6218888163566589
104029,0.6735108494758606
104031,0.49989932775497437
104033,0.6463885307312012
104035,0.5995821356773376
104037,0.5976402163505554
104039,0.6354624629020691
104041,0.6500816941261292
104043,0.5099996328353882
104045,0.5715163946151733
104047,0.5004644393920898
104049,0.6027387380599976
104051,0.5398351550102234
104053,0.5058240294456482
104055,0.5718725323677063
104057,0.5736674666404724
104059,0.5647852420806885
104061,0.47862571477890015
104063,0.8885675072669983
104065,0.7813486456871033
104066,0.9047777652740479
104067,0.8585808873176575
104068,0.9145957827568054
104069,0.8970955014228821
104070,0.8584148287773132
104071,0.8949009776115417
104072,0.8910893201828003
104073,0.8841062188148499
104074,0.9400318264961243
104075,0.9015762805938721
104076,0.8325122594833374
104077,0.8618091940879822
104078,0.8375357985496521
104079,0.8677278757095337
104080,0.8981078267097473
104081,0.8512987494468689
104082,0.8698632121086121
104084,0.8777872323989868
104086,0.8755376935005188
104088,0.854974091053009
104090,0.8937318921089172
104092,0.7458119988441467
104094,0.6741819977760315
104096,0.9053314328193665
104098,0.9154866933822632
104100,0.9148992896080017
104102,0.8767651915550232
104104,0.8277077674865723
104106,0.877784252166748
104108,0.8121982216835022
104110,0.7741922736167908
104112,0.9268471002578735
104114,0.9148926734924316
104116,0.6801713109016418
104118,0.9265079498291016
104120,0.8481364846229553
104122,0.6889448761940002
104124,0.6509159803390503
104126,0.7700703740119934
104128,0.7794207334518433
104130,0.8027275204658508
104132,0.715772807598114
104134,0.7416744828224182
104136,0.6652284860610962
104138,0.7171350717544556
104140,0.8247636556625366
104142,0.8285345435142517
104144,0.797182023525238
104146,0.6322717666625977
104148,0.892362654209137
104149,0.8780881762504578
104150,0.9043232798576355
104151,0.8713614344596863
104152,0.8798472285270691
104153,0.8112266659736633
104154,0.9250838160514832
104155,0.8521459698677063
104156,0.80598384141922
104157,0.885530412197113
104158,0.8383353352546692
104159,0.8495292067527771
104160,0.7603098750114441
104161,0.8139453530311584
104162,0.7874673008918762
104163,0.885011613368988
104164,0.8709708452224731
104165,0.8947306275367737
104166,0.8443648219108582
104167,0.8285052180290222
104169,0.761991560459137
104171,0.7580114006996155
104173,0.7509509325027466
104175,0.7238869071006775
104177,0.8286435008049011
104179,0.8465887904167175
104181,0.7571269869804382
104183,0.7348769903182983
104185,0.8117092251777649
104187,0.6101506352424622
104189,0.7944834232330322
104191,0.7866993546485901
104193,0.7889111638069153
104195,0.6955599188804626
104197,0.874022364616394
104198,0.7960435152053833
104200,0.8497831225395203
104202,0.8568432927131653
104204,0.8358256220817566
104206,0.7799668908119202
104208,0.8236801028251648
104210,0.8710094690322876
104212,0.8734841346740723
104214,0.8260771632194519
104215,0.8505246639251709
104216,0.688978374004364
104217,0.8818877339363098
104218,0.79311203956604
104219,0.8516911864280701
104220,0.8069800734519958
104221,0.8528820872306824
104222,0.8188498020172119
104223,0.8675329685211182
104224,0.7940660715103149
104225,0.8754095435142517
104226,0.8354294896125793
104227,0.8596150875091553
104228,0.8095294833183289
104229,0.761282742023468
104230,0.7757933735847473
104231,0.8505409955978394
104232,0.7822321057319641
104234,0.727150022983551
104236,0.7815008759498596
104238,0.627521276473999
104240,0.7158711552619934
104242,0.42952442169189453
104244,0.7246989607810974
104246,0.7328349351882935
104248,0.6938627362251282
104250,0.6788442730903625
104252,0.7874624133110046
104254,0.6615363955497742
104256,0.616044819355011
104258,0.7363607287406921
104260,0.7593510746955872
104262,0.6061157584190369
104264,0.785451352596283
104266,0.8716471791267395
104268,0.8664999604225159
104270,0.8806948065757751
104272,0.824832558631897
104274,0.789162814617157
104276,0.8175486922264099
104278,0.8886778950691223
104280,0.7301222681999207
104282,0.7943134307861328
104284,0.9068607091903687
104286,0.8485090136528015
104288,0.8305070996284485
104290,0.8909712433815002
104292,0.8999027013778687
104294,0.8384878039360046
104296,0.8363417983055115
104298,0.8844374418258667
104299,0.9026370644569397
104300,0.8714219927787781
104301,0.8233464360237122
104302,0.8696164488792419
104303,0.8651922941207886
104304,0.8537747859954834
104305,0.8791341185569763
104306,0.8970347046852112
104307,0.8652734160423279
104308,0.8650450110435486
104309,0.8550822734832764
104310,0.8736879229545593
104311,0.8411710262298584
104312,0.8977672457695007
104313,0.8824525475502014
104314,0.8664039969444275
104315,0.8850989937782288
104316,0.8308483958244324
104317,0.8528724312782288
104318,0.8645834922790527
104319,0.871610164642334
104320,0.8590693473815918
104321,0.8477898836135864
104322,0.7967550754547119
104324,0.8402687311172485
104326,0.7519146800041199
104328,0.7051140666007996
104330,0.661949098110199
104332,0.8088436126708984
104334,0.7460039854049683
104336,0.757693350315094
104338,0.4625128507614136
104340,0.6546809077262878
104342,0.3807886838912964
104344,0.6891153454780579
104346,0.5602139234542847
104348,0.6765100955963135
104350,0.6972998976707458
104352,0.6882504224777222
104354,0.808337390422821
104356,0.6489909291267395
104358,0.8556492328643799
104359,0.8974329829216003
104360,0.8857190012931824
104361,0.8570252060890198
104362,0.8623479604721069
104363,0.8231526017189026
104364,0.841139554977417
104365,0.868583619594574
104366,0.8217225074768066
104367,0.8309497237205505
104368,0.8444633483886719
104369,0.866006076335907
104370,0.7909022569656372
104371,0.8484046459197998
104372,0.841733992099762
104373,0.8522801995277405
104374,0.8417760729789734
104375,0.7549300789833069
104376,0.8431798815727234
104377,0.8868927359580994
104378,0.8387835025787354
104380,0.8676006197929382
104382,0.8683581352233887
104384,0.7762897610664368
104386,0.881511390209198
104388,0.8729736804962158
104390,0.834004819393158
104392,0.722811758518219
104394,0.8423441052436829
104396,0.8182719349861145
104398,0.8103595972061157
104400,0.8317899107933044
104402,0.862773060798645
104404,0.8486490249633789
104406,0.7955307364463806
104408,0.8398125767707825
104410,0.8186437487602234
104412,0.6928923726081848
104414,0.7692074775695801
104416,0.7930217385292053
104418,0.8155217170715332
104420,0.7808752655982971
104422,0.7284948825836182
104424,0.8098024725914001
104426,0.8265091776847839
104428,0.8733652234077454
104430,0.5279204845428467
104432,0.6234685778617859
104434,0.7652224898338318
104436,0.6978296637535095
104438,0.8315153121948242
104440,0.8497119545936584
104442,0.8167126774787903
104444,0.7692878842353821
104446,0.7196309566497803
104448,0.7689656615257263
104450,0.7568908333778381
104452,0.749127209186554
104454,0.7761103510856628
104456,0.681366503238678
104458,0.747241735458374
104460,0.7770457863807678
104462,0.7349018454551697
104464,0.7356366515159607
104466,0.6927816867828369
104468,0.747271716594696
104470,0.7151743769645691
104472,0.8027663230895996
104474,0.6934589743614197
104476,0.765527606010437
104478,0.7074628472328186
104480,0.6483320593833923
104482,0.641778290271759
104484,0.564566969871521
104486,0.8237681984901428
104487,0.3970266580581665
104489,0.7491925358772278
104491,0.8374789953231812
104492,0.6578919887542725
104494,0.6600759625434875
104496,0.6908690333366394
104498,0.8166406750679016
104500,0.5570290088653564
104502,0.7558982372283936
104504,0.45088475942611694
104506,0.622394859790802
104507,0.861927330493927
104508,0.831314742565155
104509,0.5507603287696838
104511,0.7608327269554138
104513,0.7526635527610779
104515,0.7618390917778015
104517,0.6542993187904358
104519,0.8468486666679382
104520,0.826019823551178
104521,0.8454257845878601
104522,0.6485947966575623
104524,0.6232846975326538
104526,0.8361331820487976
104528,0.8014547824859619
104530,0.8550701141357422
104532,0.8805539011955261
104533,0.871265172958374
104535,0.8987109065055847
104536,0.7682062983512878
104538,0.7207046151161194
104540,0.8490095734596252
104542,0.8196213245391846
104544,0.8096906542778015
104546,0.8143261671066284
104548,0.8773955702781677
104550,0.7487433552742004
104552,0.6041210889816284
104554,0.737090528011322
104555,0.7488774657249451
104557,0.8421922326087952
104558,0.8243381381034851
104559,0.7962514758110046
104560,0.8199867606163025
104561,0.8509787917137146
104562,0.8578039407730103
104563,0.7985027432441711
104564,0.8558437824249268
104565,0.8600043654441833
104566,0.7808104157447815
104567,0.8314340114593506
104568,0.8409180045127869
104569,0.8310630321502686
104570,0.8217898011207581
104571,0.8665370941162109
104572,0.8376018404960632
104573,0.8408409953117371
104574,0.8403322100639343
104575,0.8732152581214905
104576,0.8906769156455994
104577,0.8838300108909607
104578,0.8807233572006226
104579,0.8898435831069946
104580,0.8964187502861023
104581,0.8706713318824768
104582,0.8916851878166199
104583,0.8824896216392517
104584,0.8935474157333374
104585,0.8082435131072998
104586,0.871975839138031
104587,0.8596793413162231
104588,0.9000324606895447
104589,0.8346959352493286
104590,0.8629178404808044
104591,0.9095544219017029
104592,0.8492677807807922
104593,0.8708059191703796
104594,0.8492316603660583
104595,0.7774717211723328
104596,0.7918677926063538
104597,0.8180227875709534
104598,0.836985170841217
104599,0.6955624222755432
104600,0.7505455613136292
104601,0.7998656630516052
104602,0.6575446128845215
104603,0.8390237092971802
104604,0.6451660990715027
104605,0.8181831240653992
104606,0.7342730164527893
104607,0.7135428786277771
104608,0.7145545482635498
104609,0.7729435563087463
104610,0.6522939801216125
104611,0.6277279853820801
104612,0.5305460095405579
104614,0.7212474942207336
104616,0.5526412129402161
104618,0.5521849393844604
104620,0.5770179629325867
104622,0.5656096935272217
104624,0.599615752696991
104626,0.7106995582580566
104628,0.5796558856964111
104630,0.571954071521759
104632,0.6650336980819702
104634,0.5755812525749207
104636,0.6844968795776367
104638,0.47780197858810425
104640,0.31073319911956787
104642,0.2782674729824066
104644,0.6057419776916504
104646,0.852295994758606
104647,0.8788531422615051
104648,0.839551568031311
104649,0.8961525559425354
104650,0.8149886131286621
104651,0.6032601594924927
104652,0.8720241785049438
104653,0.8406189680099487
104654,0.8701065182685852
104655,0.8598035573959351
104656,0.8149538040161133
104657,0.850843608379364
104658,0.8002776503562927
104659,0.7551111578941345
104660,0.8179025053977966
104661,0.8231858611106873
104662,0.8573427796363831
104663,0.7673928141593933
104664,0.8747265934944153
104665,0.8804565072059631
104666,0.8306961059570312
104667,0.9088423848152161
104668,0.8487059473991394
104669,0.8779155015945435
104670,0.8248350620269775
104671,0.8271481990814209
104672,0.8808425068855286
104673,0.7645706534385681
104674,0.46068131923675537
104676,0.2863445281982422
104678,0.6512693166732788
104680,0.4967189431190491
104682,0.16369570791721344
104684,0.6850385665893555
104686,0.6634421348571777
104688,0.38402068614959717
104690,0.6236950755119324
104692,0.410341739654541
104694,0.7052088975906372
104696,0.8624504208564758
104698,0.8259626626968384
104700,0.8580052256584167
104702,0.8404330611228943
104704,0.7979499697685242
104706,0.8388353586196899
104708,0.8159045577049255
104710,0.8780115246772766
104712,0.8208462595939636
104714,0.8367078900337219
104716,0.8219552636146545
104718,0.8209154605865479
104720,0.8463755249977112
104722,0.7292128205299377
104724,0.6464308500289917
104726,0.3865687847137451
104728,0.6937828063964844
104730,0.7587010264396667
104732,0.7175241112709045
104734,0.6741183996200562
104736,0.7195431590080261
104738,0.7533236145973206
104740,0.603879988193512
104742,0.7306600213050842
104744,0.6735984683036804
104746,0.7484391331672668
104748,0.7811226844787598
104750,0.7457736134529114
104752,0.7664334177970886
104754,0.7748896479606628
104756,0.7590228915214539
104758,0.7643728852272034
104760,0.8164163827896118
104762,0.7893437743186951
104764,0.6706967353820801
104766,0.7709611058235168
104768,0.7210081219673157
104770,0.7324658036231995
104772,0.7688509821891785
104774,0.7890926003456116
104776,0.7661171555519104
104778,0.495131254196167
104780,0.5854260921478271
104782,0.8264801502227783
104784,0.8025582432746887
104786,0.7939403653144836
104788,0.7786229252815247
104790,0.808752715587616
104792,0.7681989073753357
104794,0.7345996499061584
104796,0.7501172423362732
104798,0.7975943088531494
104800,0.7419308423995972
104802,0.7793260216712952
104804,0.7955513596534729
104806,0.8124828934669495
104808,0.8074796795845032
104810,0.8344635367393494
104812,0.7387810349464417
104814,0.8337092399597168
104816,0.8559302687644958
104818,0.7674747109413147
104820,0.8084725737571716
104822,0.7371075749397278
104824,0.801401674747467
104826,0.779751718044281
104828,0.74959796667099
104830,0.7546213269233704
104832,0.7828052639961243
104834,0.8381615877151489
104836,0.7783253788948059
104838,0.746418297290802
104840,0.8009558320045471
104842,0.8098259568214417
104844,0.7287113070487976
104846,0.7968011498451233
104848,0.7729487419128418
104850,0.8526948094367981
104852,0.8245445489883423
104854,0.8291484117507935
104856,0.8547846674919128
104858,0.8012930750846863
104860,0.8142873644828796
104862,0.7566685080528259
104864,0.741925835609436
104866,0.8180252909660339
104868,0.8508356213569641
104870,0.7757285237312317
104872,0.7997370362281799
104874,0.7781159281730652
104876,0.8206409215927124
104878,0.8231872320175171
104880,0.7738891243934631
104882,0.7176117897033691
104884,0.7895374298095703
104886,0.8401135802268982
104888,0.8437535166740417
104890,0.6863398551940918
104892,0.7515470385551453
104894,0.7389424443244934
104896,0.7120404839515686
104898,0.6226864457130432
104900,0.7616972327232361
104902,0.8266491889953613
104904,0.6830006241798401
104906,0.7461685538291931
104908,0.6047660708427429
104910,0.8053582310676575
104912,0.9036627411842346
104913,0.8435289263725281
104914,0.8695682287216187
104915,0.8771407008171082
104916,0.8204932808876038
104917,0.8412389159202576
104918,0.8612074851989746
104919,0.8466969132423401
104920,0.8910861611366272
104921,0.8596190810203552
104922,0.6402514576911926
104924,0.6887404918670654
104926,0.5980528593063354
104928,0.6969013214111328
104930,0.6992828845977783
104933,0.7253933548927307
104935,0.7033786177635193
104937,0.7327457070350647
104939,0.5296874046325684
104941,0.7381354570388794
104943,0.8134086728096008
104945,0.8102619051933289
104947,0.6937524676322937
104949,0.862758457660675
104951,0.8393430113792419
104953,0.8333963751792908
104955,0.8824021220207214
104957,0.8112026453018188
104959,0.8087759613990784
104961,0.7831993699073792
104963,0.8181359171867371
104965,0.8706609606742859
104967,0.8525429368019104
104969,0.7968547940254211
104970,0.7985013127326965
104971,0.8472903370857239
104972,0.8018009662628174
104973,0.8395355939865112
104974,0.858323335647583
104975,0.8644330501556396
104976,0.8380937576293945
104977,0.8154676556587219
104978,0.801759660243988
104979,0.7946898937225342
104981,0.7195435166358948
104983,0.5424125790596008
104985,0.753466784954071
104987,0.6802247166633606
104989,0.8417444825172424
104991,0.7782564759254456
104993,0.8146715760231018
104995,0.75726717710495
104997,0.35265883803367615
104999,0.7876077890396118
105001,0.7647053599357605
105003,0.8071696758270264
105005,0.6744088530540466
105007,0.7837342023849487
105009,0.8268485069274902
105011,0.7731151580810547
105013,0.7778797149658203
105015,0.7046595811843872
105017,0.7393859028816223
105019,0.7622697949409485
105021,0.547631025314331
105023,0.6587437987327576
105025,0.7409382462501526
105027,0.762261688709259
105029,0.7292141914367676
105031,0.7559613585472107
105033,0.8191879391670227
105035,0.6249449849128723
105037,0.7375127673149109
105039,0.7171821594238281
105041,0.7003455758094788
105043,0.6825084090232849
105045,0.48502910137176514
105047,0.7909282445907593
105049,0.7831799387931824
105051,0.800205409526825
105053,0.47195714712142944
105055,0.8006487488746643
105057,0.7509299516677856
105059,0.43705886602401733
105061,0.6684268116950989
105063,0.4606267809867859
105065,0.41615545749664307
105067,0.4511120915412903
105069,0.4010038375854492
105071,0.4162359833717346
105073,0.6987687945365906
105075,0.6065302491188049
105077,0.6641175746917725
105079,0.37908482551574707
105081,0.43631649017333984
105083,0.6224678158760071
105085,0.46229058504104614
105087,0.6732908487319946
105089,0.34969842433929443
105091,0.6191319823265076
105093,0.6339222192764282
105095,0.6005184650421143
105097,0.7489575743675232
105098,0.8373300433158875
105099,0.8878800272941589
105100,0.7316397428512573
105102,0.8720647692680359
105104,0.8627608418464661
105106,0.8284225463867188
105108,0.8716034889221191
105110,0.8809256553649902
105112,0.8695525527000427
105114,0.8910298943519592
105116,0.904090166091919
105118,0.8591777086257935
105120,0.8672503232955933
105122,0.8881132006645203
105124,0.8906132578849792
105126,0.8869592547416687
105128,0.866909921169281
105130,0.8948364853858948
105132,0.8494349718093872
105134,0.8778520822525024
105136,0.8494624495506287
105138,0.8374747633934021
105140,0.8118789792060852
105142,0.46357738971710205
105144,0.617805004119873
105146,0.5077982544898987
105148,0.5535913705825806
105150,0.711900532245636
105152,0.4083128571510315
105154,0.48695629835128784
105156,0.6294547915458679
105158,0.7841662764549255
105160,0.6980916857719421
105162,0.7339463829994202
105164,0.6899546980857849
105166,0.7371360659599304
105168,0.7664326429367065
105170,0.7597272992134094
105172,0.6709279417991638
105174,0.6677110195159912
105176,0.6918683648109436
105178,0.7864139080047607
105180,0.8221325874328613
105182,0.8656808733940125
105184,0.8478246331214905
105186,0.8525277376174927
105188,0.8578118681907654
105190,0.8845029473304749
105192,0.8911219239234924
105194,0.8955540060997009
105196,0.8337801694869995
105198,0.8898623585700989
105200,0.8578497767448425
105202,0.8656255602836609
105204,0.8043728470802307
105205,0.6992831230163574
105206,0.7655298113822937
105207,0.7619494795799255
105208,0.7879257798194885
105209,0.8226386904716492
105210,0.7350335717201233
105211,0.758011519908905
105212,0.8036623597145081
105213,0.8038838505744934
105214,0.7968270182609558
105215,0.8576083779335022
105216,0.7959204316139221
105217,0.6395800113677979
105218,0.7850258946418762
105219,0.8123638033866882
105220,0.8347811102867126
105221,0.8871044516563416
105222,0.8704354763031006
105223,0.883750855922699
105224,0.8877648711204529
105225,0.9074140191078186
105226,0.8924515843391418
105227,0.8703399300575256
105228,0.9036056399345398
105229,0.8620598912239075
105230,0.886422336101532
105231,0.8091667294502258
105232,0.9132770895957947
105233,0.8692907691001892
105234,0.8869197964668274
105235,0.9013347029685974
105236,0.8787636160850525
105237,0.8692401647567749
105238,0.8812164664268494
105239,0.8492518067359924
105240,0.9066597819328308
105241,0.7720085978507996
105243,0.7578743100166321
105245,0.7254777550697327
105247,0.6982113718986511
105249,0.7000263333320618
105251,0.631003201007843
105253,0.824558436870575
105255,0.658996045589447
105257,0.7656208872795105
105259,0.5582765340805054
105261,0.766427755355835
105262,0.7423229813575745
105263,0.8326886296272278
105264,0.6943654417991638
105265,0.6726061701774597
105266,0.7590613961219788
105267,0.6800241470336914
105268,0.7063185572624207
105269,0.8327241539955139
105270,0.854066789150238
105271,0.8604001402854919
105272,0.7342463135719299
105273,0.8167842030525208
105274,0.9426959753036499
105275,0.9214240908622742
105276,0.8957788348197937
105277,0.8913620710372925
105278,0.9234113097190857
105279,0.8898558020591736
105280,0.8886958956718445
105281,0.8857368230819702
105282,0.9014546275138855
105283,0.888754665851593
105284,0.8829231858253479
105285,0.8805955052375793
105286,0.8967320322990417
105287,0.8567072749137878
105288,0.9283851981163025
105289,0.8334471583366394
105290,0.8546898365020752
105291,0.8988600373268127
105292,0.9371727705001831
105294,0.9204671382904053
105296,0.8896840810775757
105298,0.7376478314399719
105300,0.8565732836723328
105302,0.810282826423645
105304,0.8029598593711853
105306,0.8422779440879822
105308,0.7622115015983582
105310,0.8358473181724548
105312,0.7538202404975891
105314,0.671276867389679
105316,0.5825110077857971
105318,0.6354947686195374
105320,0.7452923655509949
105322,0.7230722308158875
105324,0.7846861481666565
105326,0.7301669716835022
105328,0.7178693413734436
105330,0.6975149512290955
105332,0.7838016152381897
105334,0.7660866379737854
105336,0.7420770525932312
105338,0.7993831634521484
105340,0.7831880450248718
105342,0.78566974401474
105344,0.7459841966629028
105346,0.7933035492897034
105348,0.7950078845024109
105350,0.7879230380058289
105352,0.8093223571777344
105354,0.7605932354927063
105356,0.7840819358825684
105358,0.8321550488471985
105360,0.8174859285354614
105362,0.569572389125824
105364,0.6485739946365356
105366,0.710119903087616
105368,0.5047059059143066
105370,0.5485656261444092
105372,0.6965629458427429
105374,0.6574847102165222
105376,0.6895650625228882
105378,0.4493449926376343
105380,0.543014645576477
105382,0.7076618075370789
105384,0.5881844758987427
105386,0.5822030305862427
105388,0.5919422507286072
105390,0.5901283025741577
105392,0.709158718585968
105394,0.5167060494422913
105396,0.8370397090911865
105398,0.816053032875061
105400,0.69185471534729
105402,0.7735405564308167
105404,0.837843120098114
105406,0.8134511709213257
105408,0.7371249794960022
105410,0.7649423480033875
105412,0.749812662601471
105414,0.7692514061927795
105416,0.7781473994255066
105418,0.7759159803390503
105420,0.8862511515617371
105422,0.8061812520027161
105424,0.5864406228065491
105426,0.7627745270729065
105429,0.6358127593994141
105431,0.6980155110359192
105433,0.7442930340766907
105435,0.8038496971130371
105437,0.8566485643386841
105439,0.7342837452888489
105441,0.8632091283798218
105444,0.7889443635940552
105446,0.7877827286720276
105448,0.84516841173172
105450,0.8378147482872009
105452,0.8341572880744934
105454,0.8569885492324829
105456,0.8023672699928284
105458,0.8208442330360413
105460,0.7952092885971069
105462,0.8112849593162537
105464,0.8748021721839905
105466,0.8112475275993347
105468,0.8515409827232361
105470,0.8170663714408875
105472,0.8032187819480896
105474,0.7743420600891113
105476,0.7658148407936096
105478,0.5633273720741272
105480,0.7148710489273071
105482,0.7458158135414124
105484,0.5464264750480652
105486,0.4812542200088501
105488,0.6771172881126404
105490,0.7959706783294678
105492,0.8007822036743164
105494,0.4993864893913269
105496,0.6015336513519287
105498,0.7866395115852356
105500,0.6964653134346008
105502,0.617759644985199
105504,0.7458522915840149
105506,0.6155004501342773
105508,0.7053813338279724
105510,0.7993500828742981
105512,0.7837477922439575
105514,0.7059510350227356
105516,0.7501373887062073
105518,0.82068932056427
105520,0.6377742886543274
105522,0.8343983292579651
105524,0.5054470300674438
105526,0.5835630893707275
105528,0.6342582106590271
105530,0.7389541268348694
105532,0.4237208962440491
105534,0.879831075668335
105536,0.7377339005470276
105538,0.8603045344352722
105540,0.8569124341011047
105542,0.8699964880943298
105544,0.8670175671577454
105546,0.7886037230491638
105548,0.7249853610992432
105550,0.7006739974021912
105552,0.753176212310791
105554,0.8558104038238525
105556,0.8192083239555359
105558,0.8119096755981445
105560,0.90531325340271
105562,0.9030814170837402
105564,0.8917607069015503
105566,0.889319121837616
105568,0.8812471032142639
105570,0.928633451461792
105572,0.8468376994132996
105574,0.866414487361908
105576,0.9084354639053345
105578,0.8634721636772156
105580,0.8563578128814697
105582,0.8660436272621155
105584,0.8386455774307251
105586,0.8934600949287415
105588,0.8170097470283508
105590,0.8878365159034729
105592,0.8960263133049011
105594,0.8627451658248901
105596,0.8950631022453308
105598,0.7165854573249817
105600,0.7041133046150208
105602,0.5170812606811523
105604,0.6128957867622375
105606,0.7071170806884766
105608,0.6600909233093262
105610,0.7020223140716553
105612,0.7201077342033386
105614,0.7060956358909607
105616,0.5001558661460876
105618,0.6903896927833557
105620,0.7496535181999207
105622,0.7140782475471497
105624,0.7234673500061035
105626,0.7292287945747375
105628,0.7715190052986145
105630,0.861605703830719
105632,0.8467696309089661
105634,0.8136005997657776
105636,0.7887372374534607
105638,0.7992072105407715
105640,0.8525272011756897
105642,0.8021659255027771
105644,0.8515347838401794
105646,0.8405486941337585
105648,0.833967387676239
105650,0.8186833262443542
105652,0.8334763050079346
105654,0.8382502198219299
105656,0.8430167436599731
105658,0.8124974370002747
105660,0.8018919825553894
105662,0.7071037292480469
105664,0.8492351174354553
105666,0.845302164554596
105668,0.8332883715629578
105670,0.8057758212089539
105672,0.8277262449264526
105674,0.8479910492897034
105676,0.835461437702179
105678,0.8532503843307495
105680,0.7832462191581726
105682,0.8024008870124817
105684,0.7816900610923767
105686,0.7948041558265686
105688,0.8820130228996277
105690,0.8285127282142639
105692,0.8215543627738953
105694,0.8491122722625732
105696,0.8024330735206604
105698,0.8941898345947266
105700,0.9106809496879578
105702,0.9093946218490601
105704,0.9422187209129333
105706,0.8198060393333435
105708,0.9206568598747253
105710,0.8841902017593384
105712,0.924361526966095
105714,0.9217981696128845
105716,0.9448112845420837
105718,0.8907778859138489
105720,0.8673774600028992
105722,0.7995513081550598
105723,0.7397894859313965
105724,0.7185949683189392
105725,0.7740522027015686
105726,0.7605193257331848
105727,0.7833160161972046
105728,0.6263877749443054
105729,0.7258456349372864
105730,0.7899704575538635
105731,0.8946437239646912
105732,0.8287885785102844
105733,0.8537744879722595
105734,0.901378333568573
105735,0.8588945269584656
105736,0.8388362526893616
105737,0.8739866614341736
105738,0.8413552641868591
105739,0.8806447982788086
105740,0.876619815826416
105741,0.8202632069587708
105743,0.7755513787269592
105745,0.8176527619361877
105747,0.8444660305976868
105749,0.8101614117622375
105751,0.86378413438797
105753,0.7990008592605591
105755,0.7457074522972107
105757,0.7683212757110596
105759,0.8028719425201416
105761,0.8247247338294983
105763,0.796732485294342
105765,0.8165733218193054
105767,0.830226719379425
105769,0.7208119034767151
105771,0.6921951174736023
105773,0.7945029139518738
105775,0.8123903870582581
105777,0.7576424479484558
105779,0.8346473574638367
105781,0.8088445067405701
105783,0.5433864593505859
105785,0.8390440344810486
105787,0.7561437487602234
105789,0.7950350642204285
105791,0.8137091398239136
105793,0.8425546288490295
105795,0.7468350529670715
105797,0.6222714781761169
105799,0.764058530330658
105801,0.793380081653595
105803,0.7680111527442932
105805,0.7870739102363586
105807,0.8394976258277893
105809,0.49491995573043823
105811,0.8046941161155701
105813,0.9135043025016785
105815,0.6924425959587097
105817,0.7341747283935547
105819,0.8006572127342224
105821,0.8602458834648132
105823,0.8481587767601013
105825,0.7518822550773621
105827,0.81649249792099
105829,0.7530951499938965
105831,0.6905667185783386
105833,0.7261654734611511
105835,0.6810019612312317
105837,0.8232099413871765
105839,0.4381384253501892
105841,0.7190467119216919
105843,0.6310353875160217
105845,0.7137362360954285
105847,0.6137337684631348
105849,0.7872506380081177
105851,0.7988100647926331
105853,0.6538832187652588
105855,0.7034502029418945
105857,0.20269320905208588
105859,0.7477291226387024
105861,0.9041308760643005
105863,0.7257451415061951
105865,0.8969500064849854
105867,0.8198115229606628
105869,0.8318724036216736
105871,0.8338881134986877
105873,0.8192341327667236
105875,0.8930498361587524
105877,0.8068658709526062
105879,0.7748487591743469
105881,0.6918681859970093
105883,0.8062035441398621
105885,0.7873656153678894
105887,0.7196160554885864
105889,0.7001525163650513
105891,0.7426631450653076
105894,0.800836980342865
105896,0.7321147918701172
105898,0.691720187664032
105900,0.7211394906044006
105902,0.35523658990859985
105904,0.6544597744941711
105906,0.6332070231437683
105908,0.6996591687202454
105910,0.744210958480835
105912,0.7110769152641296
105914,0.6225273013114929
105916,0.6442656517028809
105918,0.8189608454704285
105919,0.8135386109352112
105920,0.8290631175041199
105922,0.7449044585227966
105924,0.8148268461227417
105926,0.8151934742927551
105928,0.8015584945678711
105930,0.8466005921363831
105932,0.7291410565376282
105934,0.8079982995986938
105936,0.8074646592140198
105938,0.8288814425468445
105940,0.6788888573646545
105942,0.8674364686012268
105944,0.7770643830299377
105946,0.8179892897605896
105948,0.810683012008667
105950,0.8051422834396362
105952,0.7528801560401917
105954,0.8196061253547668
105956,0.8669455647468567
105958,0.862007737159729
105960,0.8520985245704651
105962,0.7973058223724365
105964,0.8290103673934937
105966,0.8856449723243713
105968,0.8623847365379333
105970,0.8599583506584167
105972,0.8766763806343079
105974,0.8553447127342224
105976,0.8578543066978455
105978,0.8620690703392029
105980,0.8941135406494141
105982,0.8901957273483276
105984,0.8695299029350281
105986,0.8811779618263245
105988,0.8574041724205017
105990,0.8965260982513428
105992,0.8816387057304382
105994,0.7711918950080872
105996,0.8690446019172668
105997,0.8907677531242371
105998,0.8542693257331848
105999,0.7897132039070129
106000,0.8747267127037048
106001,0.7636620402336121
106002,0.8254022002220154
106003,0.8219631910324097
106004,0.8247280716896057
106005,0.8590571284294128
106006,0.8345134854316711
106007,0.8222706913948059
106008,0.7982050776481628
106010,0.6831681132316589
106012,0.7619938254356384
106014,0.7057205438613892
106016,0.7601819038391113
106018,0.8293859362602234
106020,0.8357272744178772
106022,0.8411108255386353
106024,0.7773509621620178
106026,0.73678058385849
106028,0.6944113373756409
106030,0.8136476874351501
106032,0.7425888180732727
106034,0.6283620595932007
106036,0.6750403046607971
106038,0.5181383490562439
106040,0.8224100470542908
106042,0.7775195240974426
106044,0.796536922454834
106046,0.7477118372917175
106048,0.7961460947990417
106050,0.8447084426879883
106053,0.7862759232521057
106055,0.5550614595413208
106057,0.7047536969184875
106059,0.7690731287002563
106061,0.564465343952179
106063,0.7680962681770325
106065,0.8502227663993835
106067,0.8473235964775085
106069,0.8058452010154724
106071,0.8205376267433167
106073,0.7129465937614441
106075,0.760513424873352
106077,0.7312656044960022
106079,0.6486164331436157
106081,0.8482210040092468
106084,0.7724862694740295
106086,0.8793324828147888
106088,0.7373484969139099
106090,0.7191622257232666
106092,0.7243536114692688
106094,0.8335345387458801
106096,0.812117874622345
106098,0.7733905911445618
106100,0.7897518277168274
106102,0.8311005234718323
106104,0.7422044277191162
106106,0.7689943313598633
106108,0.7463864088058472
106110,0.6210461854934692
106112,0.7864424586296082
106114,0.8261491656303406
106116,0.8001776337623596
106118,0.5835847854614258
106120,0.7340041995048523
106122,0.7194478511810303
106124,0.8220829367637634
106126,0.7685651183128357
106128,0.43339622020721436
106129,0.5012021064758301
106130,0.6998729109764099
106131,0.6317348480224609
106132,0.7170553803443909
106133,0.711320698261261
106134,0.6974799633026123
106135,0.704849362373352
106136,0.5802818536758423
106137,0.6712194681167603
106138,0.5998753309249878
106139,0.405578076839447
106140,0.6077787280082703
106141,0.6242287755012512
106142,0.6951029300689697
106143,0.6966314911842346
106144,0.6583529114723206
106145,0.49985259771347046
106146,0.801166832447052
